{"stats":{"minecraft:killed_by":{"minecraft:player":5,"minecraft:warden":1,"minecraft:blaze":1},"minecraft:custom":{"minecraft:interact_with_anvil":8,"minecraft:mob_kills":101,"minecraft:interact_with_crafting_table":70,"minecraft:open_barrel":1,"minecraft:bell_ring":2,"minecraft:leave_game":3,"minecraft:time_since_death":11858,"minecraft:climb_one_cm":11384,"minecraft:sprint_one_cm":552876,"minecraft:walk_one_cm":432821,"minecraft:damage_blocked_by_shield":1055,"minecraft:drop":112,"minecraft:damage_dealt_absorbed":40,"minecraft:talked_to_villager":7,"minecraft:play_time":223689,"minecraft:sneak_time":15202,"minecraft:deaths":19,"minecraft:walk_under_water_one_cm":11595,"minecraft:boat_one_cm":18780,"minecraft:jump":3755,"minecraft:enchant_item":3,"minecraft:walk_on_water_one_cm":30997,"minecraft:total_world_time":223689,"minecraft:interact_with_furnace":100,"minecraft:interact_with_grindstone":4,"minecraft:sleep_in_bed":1,"minecraft:time_since_rest":11882,"minecraft:damage_taken":8631,"minecraft:damage_dealt":16229,"minecraft:player_kills":9,"minecraft:swim_one_cm":43524,"minecraft:fly_one_cm":684116,"minecraft:open_chest":83,"minecraft:crouch_one_cm":44147,"minecraft:fall_one_cm":141353,"minecraft:horse_one_cm":44434},"minecraft:broken":{"minecraft:golden_helmet":1,"minecraft:golden_shovel":1,"minecraft:iron_sword":1,"minecraft:iron_pickaxe":1,"minecraft:stone_shovel":1},"minecraft:mined":{"minecraft:nether_gold_ore":7,"minecraft:crying_obsidian":2,"minecraft:tuff":1,"minecraft:white_bed":1,"minecraft:mossy_cobblestone":1,"minecraft:deepslate_diamond_ore":4,"minecraft:jungle_leaves":2,"minecraft:granite":98,"minecraft:nether_bricks":17,"minecraft:obsidian":5,"minecraft:cave_vines_plant":12,"minecraft:allium":1,"minecraft:grass_block":4,"minecraft:decorated_pot":2,"minecraft:jungle_planks":4,"minecraft:jungle_log":8,"minecraft:nether_wart":40,"minecraft:spawner":2,"minecraft:polished_blackstone_bricks":3,"minecraft:hay_block":36,"minecraft:tall_seagrass":1,"minecraft:magma_block":5,"minecraft:furnace":7,"minecraft:iron_ore":35,"minecraft:fire":13,"minecraft:andesite":1,"minecraft:gold_block":6,"minecraft:enchanting_table":29,"minecraft:bookshelf":28,"minecraft:cave_vines":19,"minecraft:deepslate_iron_ore":9,"minecraft:flowering_azalea_leaves":1,"minecraft:vine":6,"minecraft:stone":147,"minecraft:white_tulip":2,"minecraft:blackstone":32,"minecraft:infested_stone_bricks":1,"minecraft:basalt":1,"minecraft:oak_fence":3,"minecraft:crafting_table":16,"minecraft:torch":47,"minecraft:honey_block":8,"minecraft:poppy":1,"minecraft:melon":8,"minecraft:sculk_sensor":3,"minecraft:tall_grass":13,"minecraft:copper_ore":1,"minecraft:cobblestone":24,"minecraft:deepslate_coal_ore":9,"minecraft:lapis_ore":5,"minecraft:oak_planks":8,"minecraft:sculk":1,"minecraft:wall_torch":16,"minecraft:lilac":2,"minecraft:grass":47,"minecraft:coal_ore":27,"minecraft:sand":186,"minecraft:dirt":9,"minecraft:infested_cracked_stone_bricks":1,"minecraft:cobweb":32,"minecraft:smooth_basalt":1,"minecraft:cracked_stone_bricks":2,"minecraft:stone_bricks":6,"minecraft:netherrack":31,"minecraft:gold_ore":1,"minecraft:mossy_stone_bricks":2,"minecraft:fern":8},"minecraft:dropped":{"minecraft:moss_block":5,"minecraft:porkchop":3,"minecraft:shelter_pottery_sherd":1,"minecraft:wheat_seeds":11,"minecraft:lapis_lazuli":122,"minecraft:glow_ink_sac":10,"minecraft:diamond":1,"minecraft:book":2,"minecraft:leather":2,"minecraft:jungle_planks":6,"minecraft:coal":19,"minecraft:leather_helmet":2,"minecraft:dirt":24,"minecraft:mutton":4,"minecraft:iron_leggings":1,"minecraft:potion":1,"minecraft:sand":255,"minecraft:string":8,"minecraft:white_wool":1,"minecraft:bone":1,"minecraft:gold_ingot":34,"duckling:raw_duck":2,"minecraft:moss_carpet":4,"minecraft:raw_copper":4,"minecraft:tuff":3,"minecraft:rotten_flesh":10,"minecraft:blaze_powder":13,"sophisticatedbackpacks:backpack":3,"minecraft:ender_eye":1,"minecraft:honey_bottle":1,"sophisticatedbackpacks:diamond_backpack":1,"minecraft:diamond_sword":4,"minecraft:leather_chestplate":2,"minecraft:shield":2,"minecraft:gunpowder":6,"minecraft:leather_boots":1,"minecraft:azalea":2,"minecraft:magenta_dye":2,"minecraft:beef":9,"minecraft:brick":3},"minecraft:picked_up":{"minecraft:shelter_pottery_sherd":1,"minecraft:crafting_table":17,"minecraft:wheat":4,"minecraft:allium":1,"minecraft:diamond_sword":4,"minecraft:nether_wart":40,"minecraft:clay_ball":51,"minecraft:smithing_table":1,"minecraft:gold_block":6,"minecraft:enchanted_book":1,"minecraft:potion":2,"minecraft:nether_brick":8,"minecraft:brick":3,"minecraft:string":52,"minecraft:moss_carpet":4,"minecraft:raw_copper":4,"minecraft:iron_leggings":1,"minecraft:blackstone":59,"minecraft:cracked_stone_bricks":1,"minecraft:gold_nugget":25,"minecraft:cobbled_deepslate":1,"minecraft:beef":10,"minecraft:white_tulip":2,"minecraft:calcite":1,"minecraft:azalea":2,"minecraft:poppy":1,"minecraft:melon_slice":46,"duckling:raw_duck":11,"minecraft:furnace":7,"minecraft:stick":2,"minecraft:raw_iron":57,"minecraft:oak_fence":3,"minecraft:torch":65,"sophisticatedbackpacks:backpack":3,"minecraft:fire_charge":2,"minecraft:porkchop":13,"minecraft:polished_blackstone_bricks":2,"minecraft:carrot":1,"minecraft:rotten_flesh":10,"minecraft:honey_bottle":1,"minecraft:arrow":8,"minecraft:decorated_pot":1,"minecraft:nether_bricks":14,"minecraft:hay_block":36,"minecraft:gold_ingot":22,"minecraft:blaze_rod":7,"minecraft:glow_berries":28,"minecraft:obsidian":7,"minecraft:mutton":6,"minecraft:white_wool":4,"minecraft:cobblestone":170,"minecraft:enchanting_table":28,"minecraft:basalt":1,"minecraft:magma_block":5,"minecraft:leather_chestplate":2,"minecraft:jungle_boat":3,"minecraft:feather":15,"minecraft:lilac":1,"minecraft:andesite":1,"minecraft:glow_ink_sac":10,"minecraft:salmon":1,"minecraft:jungle_log":8,"minecraft:leather":14,"minecraft:tuff":4,"minecraft:golden_boots":1,"minecraft:gunpowder":6,"minecraft:lapis_lazuli":134,"minecraft:dirt":45,"minecraft:leather_boots":1,"minecraft:bone":7,"minecraft:apple":3,"minecraft:stone_bricks":7,"minecraft:bow":1,"minecraft:wheat_seeds":11,"minecraft:raw_gold":3,"minecraft:iron_ingot":11,"minecraft:mossy_stone_bricks":2,"minecraft:soul_sand":8,"minecraft:moss_block":5,"minecraft:honeycomb":13,"minecraft:oak_planks":14,"minecraft:book":87,"minecraft:smooth_basalt":1,"minecraft:dandelion":2,"minecraft:sand":255,"minecraft:jungle_planks":43,"minecraft:white_bed":1,"minecraft:spectral_arrow":6,"minecraft:crying_obsidian":8,"minecraft:spider_eye":4,"minecraft:mossy_cobblestone":1,"minecraft:leather_helmet":2,"minecraft:diamond":16,"minecraft:honey_block":11,"minecraft:granite":97,"minecraft:golden_horse_armor":1,"minecraft:oak_sapling":1,"minecraft:netherrack":29,"minecraft:coal":129,"minecraft:ender_pearl":3},"minecraft:used":{"minecraft:enchanting_table":28,"minecraft:flint_and_steel":2,"minecraft:stone_shovel":172,"duckling:cooked_duck":6,"minecraft:decorated_pot":1,"minecraft:chest":2,"minecraft:shield":43,"minecraft:iron_sword":255,"minecraft:cooked_salmon":1,"minecraft:stone_hoe":26,"minecraft:netherrack":29,"minecraft:iron_chestplate":2,"minecraft:torch":63,"minecraft:dirt":21,"minecraft:nether_bricks":14,"minecraft:carrot":1,"minecraft:golden_shovel":32,"minecraft:granite":60,"minecraft:obsidian":3,"minecraft:honey_block":10,"minecraft:jungle_log":1,"minecraft:stone_bricks":7,"minecraft:smooth_basalt":1,"minecraft:basalt":1,"minecraft:magma_block":5,"minecraft:bow":2,"minecraft:oak_sapling":1,"minecraft:furnace":8,"minecraft:cooked_beef":1,"minecraft:cobbled_deepslate":1,"minecraft:iron_leggings":2,"minecraft:cooked_mutton":2,"minecraft:calcite":1,"minecraft:water_bucket":30,"minecraft:mossy_stone_bricks":2,"minecraft:birch_planks":18,"minecraft:stone_pickaxe":68,"minecraft:oak_planks":6,"minecraft:blackstone":36,"minecraft:wooden_pickaxe":11,"minecraft:leather_chestplate":1,"minecraft:polished_blackstone_bricks":2,"minecraft:leather_boots":1,"minecraft:gold_ore":1,"minecraft:jungle_boat":4,"minecraft:cracked_stone_bricks":1,"minecraft:glow_berries":27,"minecraft:mossy_cobblestone":1,"minecraft:crafting_table":19,"minecraft:crossbow":1,"minecraft:white_bed":2,"minecraft:diamond_pickaxe":70,"minecraft:string":2,"minecraft:bread":65,"minecraft:melon_slice":46,"minecraft:iron_pickaxe":384,"minecraft:leather_helmet":1,"minecraft:stone_axe":103,"minecraft:diamond_sword":62,"minecraft:cobblestone":140,"minecraft:cooked_porkchop":4,"minecraft:andesite":1,"minecraft:bucket":31,"minecraft:dandelion":2},"minecraft:killed":{"minecraft:cave_spider":7,"minecraft:spider":12,"minecraft:skeleton":9,"minecraft:silverfish":3,"minecraft:turtle":1,"minecraft:piglin_brute":1,"minecraft:magma_cube":2,"minecraft:piglin":1,"minecraft:pig":6,"duckling:duck":9,"minecraft:zombie_villager":2,"minecraft:salmon":1,"minecraft:creeper":2,"minecraft:sheep":4,"minecraft:trader_llama":1,"minecraft:zombie":18,"minecraft:wither_skeleton":3,"minecraft:player":6,"minecraft:blaze":7,"minecraft:cow":7,"minecraft:enderman":4},"minecraft:crafted":{"minecraft:stone_shovel":2,"minecraft:blaze_powder":14,"minecraft:furnace":1,"minecraft:cooked_mutton":2,"minecraft:diamond_helmet":1,"minecraft:iron_boots":1,"minecraft:stone_pickaxe":1,"minecraft:chest":4,"minecraft:ender_eye":1,"minecraft:stone_hoe":1,"minecraft:magenta_dye":3,"sophisticatedbackpacks:iron_backpack":2,"minecraft:wheat":324,"minecraft:cooked_beef":1,"minecraft:diamond_sword":1,"sophisticatedbackpacks:backpack":3,"minecraft:cooked_porkchop":4,"minecraft:enchanting_table":1,"minecraft:crafting_table":3,"minecraft:jungle_boat":1,"minecraft:iron_helmet":1,"minecraft:wooden_pickaxe":1,"minecraft:iron_sword":1,"duckling:cooked_duck":6,"minecraft:cooked_salmon":1,"sophisticatedbackpacks:gold_backpack":1,"minecraft:bucket":1,"minecraft:stone_axe":1,"minecraft:bread":109,"minecraft:air":0,"minecraft:jungle_planks":28,"minecraft:iron_chestplate":1,"minecraft:diamond_pickaxe":1,"minecraft:shield":3,"sophisticatedbackpacks:diamond_backpack":1,"minecraft:stick":24,"minecraft:iron_ingot":42,"minecraft:iron_pickaxe":1,"minecraft:gold_ingot":58,"minecraft:iron_leggings":1,"minecraft:white_bed":1,"minecraft:torch":8}},"DataVersion":3465}