{"stats":{"minecraft:killed_by":{"minecraft:warden":1,"minecraft:player":3},"minecraft:custom":{"minecraft:interact_with_furnace":14,"minecraft:mob_kills":14,"minecraft:interact_with_crafting_table":31,"minecraft:leave_game":1,"minecraft:time_since_death":11905,"minecraft:climb_one_cm":4119,"minecraft:time_since_rest":11979,"minecraft:sprint_one_cm":75136,"minecraft:damage_taken":1868,"minecraft:walk_one_cm":77042,"minecraft:damage_blocked_by_shield":350,"minecraft:drop":11,"minecraft:damage_dealt":2439,"minecraft:swim_one_cm":24252,"minecraft:fly_one_cm":122078,"minecraft:player_kills":4,"minecraft:crouch_one_cm":24091,"minecraft:play_time":49920,"minecraft:deaths":4,"minecraft:sneak_time":7326,"minecraft:walk_under_water_one_cm":4435,"minecraft:jump":870,"minecraft:walk_on_water_one_cm":10163,"minecraft:total_world_time":49920,"minecraft:fall_one_cm":28927},"minecraft:mined":{"minecraft:deepslate_diamond_ore":2,"minecraft:jungle_leaves":2,"minecraft:basalt":1,"minecraft:cave_vines_plant":12,"minecraft:crafting_table":4,"minecraft:torch":15,"minecraft:grass_block":2,"minecraft:melon":8,"minecraft:jungle_planks":4,"minecraft:jungle_log":8,"minecraft:sculk_sensor":3,"minecraft:tall_grass":2,"minecraft:deepslate_coal_ore":9,"minecraft:lapis_ore":2,"minecraft:sculk":1,"minecraft:wall_torch":6,"minecraft:furnace":3,"minecraft:iron_ore":14,"minecraft:grass":31,"minecraft:coal_ore":27,"minecraft:cave_vines":17,"minecraft:deepslate_iron_ore":3,"minecraft:vine":6,"minecraft:sand":1,"minecraft:dirt":5,"minecraft:stone":100,"minecraft:fern":8},"minecraft:dropped":{"minecraft:moss_carpet":4,"minecraft:moss_block":5,"minecraft:wheat_seeds":2,"minecraft:glow_ink_sac":9,"minecraft:diamond":1,"minecraft:jungle_planks":6,"minecraft:dirt":7,"minecraft:shield":2,"minecraft:azalea":2},"minecraft:picked_up":{"minecraft:crafting_table":5,"minecraft:feather":6,"minecraft:basalt":1,"minecraft:glow_ink_sac":9,"minecraft:clay_ball":51,"minecraft:jungle_log":8,"minecraft:salmon":1,"minecraft:lapis_lazuli":15,"minecraft:moss_carpet":4,"minecraft:dirt":7,"minecraft:bone":5,"minecraft:bow":1,"minecraft:wheat_seeds":2,"minecraft:beef":1,"minecraft:azalea":2,"minecraft:moss_block":5,"minecraft:melon_slice":42,"duckling:raw_duck":4,"minecraft:furnace":3,"minecraft:raw_iron":18,"minecraft:stick":2,"minecraft:torch":22,"minecraft:jungle_planks":43,"minecraft:arrow":2,"minecraft:diamond":3,"minecraft:netherrack":3,"minecraft:glow_berries":14,"minecraft:coal":53,"minecraft:cobblestone":100},"minecraft:used":{"minecraft:stone_pickaxe":68,"duckling:cooked_duck":2,"minecraft:wooden_pickaxe":11,"minecraft:shield":8,"minecraft:iron_sword":13,"minecraft:netherrack":3,"minecraft:torch":16,"minecraft:glow_berries":11,"minecraft:crafting_table":6,"minecraft:melon_slice":42,"minecraft:iron_pickaxe":87,"minecraft:jungle_log":1,"minecraft:stone_axe":50,"minecraft:basalt":1,"minecraft:bow":1,"minecraft:cobblestone":14,"minecraft:furnace":3},"minecraft:killed":{"duckling:duck":3,"minecraft:salmon":1,"minecraft:skeleton":3,"minecraft:zombie":4,"minecraft:turtle":1,"minecraft:player":4,"minecraft:enderman":1,"minecraft:cow":1},"minecraft:crafted":{"minecraft:crafting_table":1,"minecraft:jungle_boat":1,"minecraft:wooden_pickaxe":1,"minecraft:iron_sword":1,"minecraft:furnace":1,"duckling:cooked_duck":2,"minecraft:stone_axe":1,"minecraft:air":0,"minecraft:jungle_planks":28,"minecraft:shield":3,"minecraft:stick":24,"minecraft:iron_ingot":10,"minecraft:iron_pickaxe":1,"minecraft:stone_pickaxe":1,"minecraft:torch":8}},"DataVersion":3465}