{"stats":{"minecraft:killed_by":{"minecraft:player":4,"minecraft:warden":1},"minecraft:custom":{"minecraft:mob_kills":60,"minecraft:interact_with_crafting_table":37,"minecraft:open_barrel":1,"minecraft:bell_ring":2,"minecraft:leave_game":2,"minecraft:time_since_death":26004,"minecraft:climb_one_cm":10594,"minecraft:sprint_one_cm":219982,"minecraft:walk_one_cm":165400,"minecraft:damage_blocked_by_shield":395,"minecraft:drop":27,"minecraft:talked_to_villager":4,"minecraft:play_time":91778,"minecraft:deaths":5,"minecraft:sneak_time":8354,"minecraft:walk_under_water_one_cm":10383,"minecraft:boat_one_cm":18780,"minecraft:jump":1862,"minecraft:walk_on_water_one_cm":17646,"minecraft:total_world_time":91778,"minecraft:interact_with_furnace":36,"minecraft:sleep_in_bed":1,"minecraft:time_since_rest":18796,"minecraft:damage_taken":3224,"minecraft:damage_dealt":9664,"minecraft:swim_one_cm":42556,"minecraft:fly_one_cm":344794,"minecraft:player_kills":6,"minecraft:open_chest":6,"minecraft:crouch_one_cm":25626,"minecraft:fall_one_cm":55872,"minecraft:horse_one_cm":4026},"minecraft:mined":{"minecraft:tuff":1,"minecraft:white_bed":1,"minecraft:mossy_cobblestone":1,"minecraft:deepslate_diamond_ore":2,"minecraft:jungle_leaves":2,"minecraft:cave_vines_plant":12,"minecraft:allium":1,"minecraft:grass_block":2,"minecraft:decorated_pot":2,"minecraft:jungle_planks":4,"minecraft:jungle_log":8,"minecraft:hay_block":11,"minecraft:tall_seagrass":1,"minecraft:furnace":5,"minecraft:iron_ore":25,"minecraft:fire":10,"minecraft:andesite":1,"minecraft:cave_vines":17,"minecraft:deepslate_iron_ore":6,"minecraft:flowering_azalea_leaves":1,"minecraft:vine":6,"minecraft:white_tulip":2,"minecraft:stone":101,"minecraft:basalt":1,"minecraft:crafting_table":8,"minecraft:torch":15,"minecraft:poppy":1,"minecraft:melon":8,"minecraft:sculk_sensor":3,"minecraft:tall_grass":11,"minecraft:copper_ore":1,"minecraft:cobblestone":3,"minecraft:deepslate_coal_ore":9,"minecraft:lapis_ore":5,"minecraft:sculk":1,"minecraft:wall_torch":7,"minecraft:lilac":1,"minecraft:grass":40,"minecraft:coal_ore":27,"minecraft:sand":1,"minecraft:dirt":5,"minecraft:cracked_stone_bricks":1,"minecraft:stone_bricks":3,"minecraft:mossy_stone_bricks":1,"minecraft:fern":8},"minecraft:dropped":{"minecraft:moss_block":5,"minecraft:shelter_pottery_sherd":1,"minecraft:wheat_seeds":3,"minecraft:glow_ink_sac":9,"minecraft:diamond":1,"minecraft:jungle_planks":6,"minecraft:dirt":7,"minecraft:potion":1,"minecraft:moss_carpet":4,"minecraft:raw_copper":4,"minecraft:rotten_flesh":6,"minecraft:honey_bottle":1,"minecraft:shield":2,"minecraft:gunpowder":6,"minecraft:azalea":2,"minecraft:magenta_dye":2,"minecraft:brick":3},"minecraft:picked_up":{"minecraft:shelter_pottery_sherd":1,"minecraft:crafting_table":9,"minecraft:allium":1,"minecraft:clay_ball":51,"minecraft:potion":1,"minecraft:brick":3,"minecraft:string":5,"minecraft:moss_carpet":4,"minecraft:raw_copper":4,"minecraft:cracked_stone_bricks":1,"minecraft:beef":10,"minecraft:white_tulip":2,"minecraft:azalea":2,"minecraft:poppy":1,"minecraft:melon_slice":46,"duckling:raw_duck":11,"minecraft:furnace":5,"minecraft:stick":2,"minecraft:raw_iron":32,"minecraft:torch":23,"minecraft:porkchop":13,"minecraft:carrot":1,"minecraft:rotten_flesh":6,"minecraft:honey_bottle":1,"minecraft:arrow":4,"minecraft:decorated_pot":1,"minecraft:hay_block":11,"minecraft:glow_berries":27,"minecraft:mutton":6,"minecraft:white_wool":4,"minecraft:cobblestone":104,"minecraft:basalt":1,"minecraft:jungle_boat":3,"minecraft:feather":15,"minecraft:lilac":1,"minecraft:andesite":1,"minecraft:glow_ink_sac":9,"minecraft:salmon":1,"minecraft:jungle_log":8,"minecraft:leather":8,"minecraft:tuff":1,"minecraft:gunpowder":6,"minecraft:lapis_lazuli":35,"minecraft:dirt":7,"minecraft:bone":5,"minecraft:stone_bricks":3,"minecraft:bow":1,"minecraft:wheat_seeds":3,"minecraft:mossy_stone_bricks":1,"minecraft:moss_block":5,"minecraft:jungle_planks":43,"minecraft:white_bed":1,"minecraft:spider_eye":3,"minecraft:mossy_cobblestone":1,"minecraft:diamond":3,"minecraft:honey_block":2,"minecraft:oak_sapling":1,"minecraft:netherrack":3,"minecraft:coal":110,"minecraft:ender_pearl":2},"minecraft:used":{"duckling:cooked_duck":6,"minecraft:decorated_pot":1,"minecraft:shield":10,"minecraft:iron_sword":161,"minecraft:cooked_salmon":1,"minecraft:netherrack":3,"minecraft:torch":17,"minecraft:carrot":1,"minecraft:honey_block":2,"minecraft:jungle_log":1,"minecraft:stone_bricks":3,"minecraft:basalt":1,"minecraft:bow":2,"minecraft:furnace":5,"minecraft:oak_sapling":1,"minecraft:cooked_beef":1,"minecraft:cooked_mutton":2,"minecraft:mossy_stone_bricks":1,"minecraft:stone_pickaxe":68,"minecraft:leather_chestplate":1,"minecraft:wooden_pickaxe":11,"minecraft:leather_boots":1,"minecraft:jungle_boat":3,"minecraft:cracked_stone_bricks":1,"minecraft:glow_berries":27,"minecraft:mossy_cobblestone":1,"minecraft:crafting_table":10,"minecraft:white_bed":1,"minecraft:bread":2,"minecraft:melon_slice":46,"minecraft:iron_pickaxe":120,"minecraft:leather_helmet":1,"minecraft:stone_axe":55,"minecraft:cobblestone":26,"minecraft:cooked_porkchop":4,"minecraft:bucket":1,"minecraft:andesite":1},"minecraft:killed":{"minecraft:spider":5,"minecraft:skeleton":5,"minecraft:turtle":1,"minecraft:pig":6,"minecraft:zombie_villager":2,"duckling:duck":9,"minecraft:salmon":1,"minecraft:creeper":2,"minecraft:sheep":4,"minecraft:trader_llama":1,"minecraft:zombie":14,"minecraft:player":6,"minecraft:cow":7,"minecraft:enderman":3},"minecraft:crafted":{"minecraft:furnace":1,"minecraft:cooked_mutton":2,"minecraft:stone_pickaxe":1,"minecraft:chest":1,"minecraft:magenta_dye":3,"minecraft:wheat":99,"minecraft:cooked_beef":1,"sophisticatedbackpacks:backpack":2,"minecraft:cooked_porkchop":4,"minecraft:crafting_table":2,"minecraft:jungle_boat":1,"minecraft:wooden_pickaxe":1,"minecraft:iron_sword":1,"duckling:cooked_duck":6,"minecraft:cooked_salmon":1,"minecraft:bucket":1,"minecraft:stone_axe":1,"minecraft:bread":33,"minecraft:air":0,"minecraft:jungle_planks":28,"minecraft:shield":3,"minecraft:stick":24,"minecraft:iron_pickaxe":1,"minecraft:iron_ingot":11,"minecraft:white_bed":1,"minecraft:torch":8}},"DataVersion":3465}