{"stats":{"minecraft:killed_by":{"minecraft:warden":1,"minecraft:player":4},"minecraft:custom":{"minecraft:interact_with_furnace":24,"minecraft:mob_kills":34,"minecraft:interact_with_crafting_table":31,"minecraft:leave_game":1,"minecraft:time_since_death":2146,"minecraft:climb_one_cm":4403,"minecraft:time_since_rest":2169,"minecraft:sprint_one_cm":144248,"minecraft:damage_taken":2719,"minecraft:walk_one_cm":113041,"minecraft:damage_blocked_by_shield":395,"minecraft:drop":21,"minecraft:damage_dealt":6519,"minecraft:talked_to_villager":1,"minecraft:swim_one_cm":37452,"minecraft:fly_one_cm":228042,"minecraft:player_kills":6,"minecraft:crouch_one_cm":24516,"minecraft:play_time":67920,"minecraft:deaths":5,"minecraft:sneak_time":7731,"minecraft:walk_under_water_one_cm":5342,"minecraft:boat_one_cm":18780,"minecraft:jump":1320,"minecraft:walk_on_water_one_cm":11672,"minecraft:total_world_time":67920,"minecraft:horse_one_cm":2048,"minecraft:fall_one_cm":41687},"minecraft:mined":{"minecraft:mossy_cobblestone":1,"minecraft:deepslate_diamond_ore":2,"minecraft:jungle_leaves":2,"minecraft:basalt":1,"minecraft:cave_vines_plant":12,"minecraft:crafting_table":4,"minecraft:torch":15,"minecraft:decorated_pot":2,"minecraft:grass_block":2,"minecraft:melon":8,"minecraft:jungle_planks":4,"minecraft:jungle_log":8,"minecraft:sculk_sensor":3,"minecraft:copper_ore":1,"minecraft:tall_grass":4,"minecraft:cobblestone":3,"minecraft:deepslate_coal_ore":9,"minecraft:lapis_ore":2,"minecraft:sculk":1,"minecraft:wall_torch":6,"minecraft:tall_seagrass":1,"minecraft:furnace":4,"minecraft:iron_ore":15,"minecraft:grass":34,"minecraft:flowering_azalea_leaves":1,"minecraft:coal_ore":27,"minecraft:cave_vines":17,"minecraft:deepslate_iron_ore":5,"minecraft:vine":6,"minecraft:sand":1,"minecraft:dirt":5,"minecraft:stone":100,"minecraft:fern":8},"minecraft:dropped":{"minecraft:moss_carpet":4,"minecraft:moss_block":5,"minecraft:shelter_pottery_sherd":1,"minecraft:wheat_seeds":2,"minecraft:glow_ink_sac":9,"minecraft:raw_copper":4,"minecraft:diamond":1,"minecraft:rotten_flesh":5,"minecraft:jungle_planks":6,"minecraft:dirt":7,"minecraft:shield":2,"minecraft:gunpowder":6,"minecraft:azalea":2,"minecraft:brick":3},"minecraft:picked_up":{"minecraft:shelter_pottery_sherd":1,"minecraft:crafting_table":5,"minecraft:jungle_boat":2,"minecraft:feather":6,"minecraft:basalt":1,"minecraft:glow_ink_sac":9,"minecraft:clay_ball":51,"minecraft:jungle_log":8,"minecraft:salmon":1,"minecraft:leather":2,"minecraft:brick":3,"minecraft:gunpowder":6,"minecraft:string":5,"minecraft:lapis_lazuli":15,"minecraft:moss_carpet":4,"minecraft:dirt":7,"minecraft:raw_copper":4,"minecraft:bone":5,"minecraft:bow":1,"minecraft:wheat_seeds":2,"minecraft:beef":1,"minecraft:azalea":2,"minecraft:moss_block":5,"minecraft:melon_slice":46,"duckling:raw_duck":4,"minecraft:furnace":4,"minecraft:raw_iron":21,"minecraft:stick":2,"minecraft:torch":22,"minecraft:jungle_planks":43,"minecraft:mossy_cobblestone":1,"minecraft:spider_eye":3,"minecraft:rotten_flesh":5,"minecraft:arrow":2,"minecraft:diamond":3,"minecraft:decorated_pot":1,"minecraft:oak_sapling":1,"minecraft:mutton":2,"minecraft:netherrack":3,"minecraft:glow_berries":27,"minecraft:coal":82,"minecraft:white_wool":1,"minecraft:cobblestone":103,"minecraft:ender_pearl":1},"minecraft:used":{"minecraft:cooked_mutton":2,"minecraft:stone_pickaxe":68,"duckling:cooked_duck":3,"minecraft:decorated_pot":1,"minecraft:wooden_pickaxe":11,"minecraft:shield":10,"minecraft:iron_sword":90,"minecraft:cooked_salmon":1,"minecraft:jungle_boat":2,"minecraft:netherrack":3,"minecraft:mossy_cobblestone":1,"minecraft:torch":16,"minecraft:glow_berries":27,"minecraft:crafting_table":6,"minecraft:melon_slice":46,"minecraft:iron_pickaxe":97,"minecraft:jungle_log":1,"minecraft:stone_axe":50,"minecraft:basalt":1,"minecraft:bow":2,"minecraft:cobblestone":22,"minecraft:oak_sapling":1,"minecraft:furnace":4,"minecraft:cooked_beef":1},"minecraft:killed":{"minecraft:zombie_villager":1,"duckling:duck":3,"minecraft:salmon":1,"minecraft:spider":5,"minecraft:creeper":2,"minecraft:sheep":2,"minecraft:skeleton":4,"minecraft:trader_llama":1,"minecraft:zombie":10,"minecraft:turtle":1,"minecraft:player":6,"minecraft:enderman":2,"minecraft:cow":2},"minecraft:crafted":{"minecraft:cooked_beef":1,"minecraft:crafting_table":1,"minecraft:jungle_boat":1,"minecraft:wooden_pickaxe":1,"minecraft:iron_sword":1,"minecraft:furnace":1,"duckling:cooked_duck":3,"minecraft:cooked_salmon":1,"minecraft:stone_axe":1,"minecraft:cooked_mutton":2,"minecraft:air":0,"minecraft:jungle_planks":28,"minecraft:shield":3,"minecraft:stick":24,"minecraft:iron_ingot":10,"minecraft:iron_pickaxe":1,"minecraft:stone_pickaxe":1,"minecraft:torch":8}},"DataVersion":3465}