{"stats":{"minecraft:killed_by":{"minecraft:player":4,"minecraft:warden":1},"minecraft:custom":{"minecraft:mob_kills":56,"minecraft:interact_with_crafting_table":35,"minecraft:leave_game":2,"minecraft:time_since_death":14004,"minecraft:climb_one_cm":4403,"minecraft:sprint_one_cm":175864,"minecraft:walk_one_cm":138269,"minecraft:damage_blocked_by_shield":395,"minecraft:drop":25,"minecraft:talked_to_villager":1,"minecraft:play_time":79778,"minecraft:deaths":5,"minecraft:sneak_time":7778,"minecraft:walk_under_water_one_cm":6195,"minecraft:boat_one_cm":18780,"minecraft:jump":1562,"minecraft:walk_on_water_one_cm":12847,"minecraft:total_world_time":79778,"minecraft:interact_with_furnace":28,"minecraft:sleep_in_bed":1,"minecraft:time_since_rest":6796,"minecraft:damage_taken":3068,"minecraft:damage_dealt":9052,"minecraft:swim_one_cm":42171,"minecraft:fly_one_cm":281682,"minecraft:player_kills":6,"minecraft:crouch_one_cm":24552,"minecraft:fall_one_cm":48963,"minecraft:horse_one_cm":4026},"minecraft:mined":{"minecraft:white_bed":1,"minecraft:mossy_cobblestone":1,"minecraft:deepslate_diamond_ore":2,"minecraft:jungle_leaves":2,"minecraft:cave_vines_plant":12,"minecraft:allium":1,"minecraft:grass_block":2,"minecraft:decorated_pot":2,"minecraft:jungle_planks":4,"minecraft:jungle_log":8,"minecraft:tall_seagrass":1,"minecraft:furnace":5,"minecraft:iron_ore":15,"minecraft:cave_vines":17,"minecraft:deepslate_iron_ore":5,"minecraft:flowering_azalea_leaves":1,"minecraft:vine":6,"minecraft:white_tulip":2,"minecraft:stone":101,"minecraft:basalt":1,"minecraft:crafting_table":7,"minecraft:torch":15,"minecraft:poppy":1,"minecraft:melon":8,"minecraft:sculk_sensor":3,"minecraft:tall_grass":9,"minecraft:copper_ore":1,"minecraft:cobblestone":3,"minecraft:deepslate_coal_ore":9,"minecraft:lapis_ore":2,"minecraft:sculk":1,"minecraft:wall_torch":6,"minecraft:lilac":1,"minecraft:grass":40,"minecraft:coal_ore":27,"minecraft:sand":1,"minecraft:dirt":5,"minecraft:fern":8},"minecraft:dropped":{"minecraft:moss_block":5,"minecraft:shelter_pottery_sherd":1,"minecraft:wheat_seeds":2,"minecraft:glow_ink_sac":9,"minecraft:diamond":1,"minecraft:jungle_planks":6,"minecraft:dirt":7,"minecraft:potion":1,"minecraft:moss_carpet":4,"minecraft:raw_copper":4,"minecraft:rotten_flesh":5,"minecraft:honey_bottle":1,"minecraft:shield":2,"minecraft:gunpowder":6,"minecraft:azalea":2,"minecraft:magenta_dye":2,"minecraft:brick":3},"minecraft:picked_up":{"minecraft:shelter_pottery_sherd":1,"minecraft:crafting_table":8,"minecraft:allium":1,"minecraft:clay_ball":51,"minecraft:potion":1,"minecraft:brick":3,"minecraft:string":5,"minecraft:moss_carpet":4,"minecraft:raw_copper":4,"minecraft:beef":10,"minecraft:white_tulip":2,"minecraft:azalea":2,"minecraft:poppy":1,"minecraft:melon_slice":46,"duckling:raw_duck":11,"minecraft:furnace":5,"minecraft:stick":2,"minecraft:raw_iron":21,"minecraft:torch":22,"minecraft:porkchop":10,"minecraft:carrot":1,"minecraft:rotten_flesh":5,"minecraft:honey_bottle":1,"minecraft:arrow":4,"minecraft:decorated_pot":1,"minecraft:glow_berries":27,"minecraft:mutton":6,"minecraft:white_wool":4,"minecraft:cobblestone":104,"minecraft:basalt":1,"minecraft:jungle_boat":3,"minecraft:feather":15,"minecraft:lilac":1,"minecraft:glow_ink_sac":9,"minecraft:salmon":1,"minecraft:jungle_log":8,"minecraft:leather":8,"minecraft:gunpowder":6,"minecraft:lapis_lazuli":15,"minecraft:dirt":7,"minecraft:bone":5,"minecraft:bow":1,"minecraft:wheat_seeds":2,"minecraft:moss_block":5,"minecraft:jungle_planks":43,"minecraft:white_bed":1,"minecraft:spider_eye":3,"minecraft:mossy_cobblestone":1,"minecraft:diamond":3,"minecraft:honey_block":2,"minecraft:oak_sapling":1,"minecraft:netherrack":3,"minecraft:coal":110,"minecraft:ender_pearl":2},"minecraft:used":{"duckling:cooked_duck":6,"minecraft:decorated_pot":1,"minecraft:shield":10,"minecraft:iron_sword":149,"minecraft:cooked_salmon":1,"minecraft:netherrack":3,"minecraft:torch":16,"minecraft:carrot":1,"minecraft:honey_block":2,"minecraft:jungle_log":1,"minecraft:basalt":1,"minecraft:bow":2,"minecraft:furnace":5,"minecraft:oak_sapling":1,"minecraft:cooked_beef":1,"minecraft:cooked_mutton":2,"minecraft:stone_pickaxe":68,"minecraft:wooden_pickaxe":11,"minecraft:jungle_boat":3,"minecraft:glow_berries":27,"minecraft:mossy_cobblestone":1,"minecraft:crafting_table":9,"minecraft:white_bed":1,"minecraft:melon_slice":46,"minecraft:iron_pickaxe":99,"minecraft:stone_axe":54,"minecraft:cobblestone":22,"minecraft:cooked_porkchop":1},"minecraft:killed":{"minecraft:spider":5,"minecraft:skeleton":5,"minecraft:turtle":1,"minecraft:pig":5,"minecraft:zombie_villager":2,"duckling:duck":9,"minecraft:salmon":1,"minecraft:creeper":2,"minecraft:sheep":4,"minecraft:trader_llama":1,"minecraft:zombie":11,"minecraft:player":6,"minecraft:cow":7,"minecraft:enderman":3},"minecraft:crafted":{"minecraft:furnace":1,"minecraft:cooked_mutton":2,"minecraft:stone_pickaxe":1,"minecraft:chest":1,"minecraft:magenta_dye":3,"minecraft:cooked_beef":1,"sophisticatedbackpacks:backpack":2,"minecraft:cooked_porkchop":1,"minecraft:crafting_table":2,"minecraft:jungle_boat":1,"minecraft:wooden_pickaxe":1,"minecraft:iron_sword":1,"duckling:cooked_duck":6,"minecraft:cooked_salmon":1,"minecraft:stone_axe":1,"minecraft:air":0,"minecraft:jungle_planks":28,"minecraft:shield":3,"minecraft:stick":24,"minecraft:iron_pickaxe":1,"minecraft:iron_ingot":10,"minecraft:white_bed":1,"minecraft:torch":8}},"DataVersion":3465}