{"stats":{"minecraft:killed_by":{"minecraft:player":3},"minecraft:custom":{"minecraft:interact_with_furnace":12,"minecraft:mob_kills":9,"minecraft:interact_with_crafting_table":26,"minecraft:leave_game":1,"minecraft:time_since_death":8433,"minecraft:climb_one_cm":4119,"minecraft:time_since_rest":8457,"minecraft:sprint_one_cm":46613,"minecraft:damage_taken":1219,"minecraft:walk_one_cm":40569,"minecraft:damage_blocked_by_shield":325,"minecraft:drop":7,"minecraft:damage_dealt":1518,"minecraft:swim_one_cm":21610,"minecraft:fly_one_cm":84096,"minecraft:player_kills":3,"minecraft:crouch_one_cm":6615,"minecraft:play_time":27345,"minecraft:deaths":3,"minecraft:sneak_time":2856,"minecraft:walk_under_water_one_cm":2768,"minecraft:jump":518,"minecraft:walk_on_water_one_cm":3493,"minecraft:total_world_time":27345,"minecraft:fall_one_cm":19784},"minecraft:mined":{"minecraft:basalt":1,"minecraft:jungle_leaves":2,"minecraft:crafting_table":3,"minecraft:torch":3,"minecraft:grass_block":2,"minecraft:melon":8,"minecraft:jungle_planks":4,"minecraft:jungle_log":8,"minecraft:tall_grass":1,"minecraft:deepslate_coal_ore":9,"minecraft:wall_torch":1,"minecraft:furnace":2,"minecraft:iron_ore":7,"minecraft:grass":27,"minecraft:coal_ore":6,"minecraft:deepslate_iron_ore":3,"minecraft:vine":6,"minecraft:sand":1,"minecraft:dirt":5,"minecraft:stone":49,"minecraft:fern":7},"minecraft:dropped":{"minecraft:moss_carpet":4,"minecraft:moss_block":5,"minecraft:wheat_seeds":2,"minecraft:dirt":7,"minecraft:shield":1,"minecraft:azalea":2},"minecraft:picked_up":{"minecraft:crafting_table":3,"minecraft:feather":6,"minecraft:basalt":1,"minecraft:clay_ball":51,"minecraft:salmon":1,"minecraft:jungle_log":8,"minecraft:moss_carpet":4,"minecraft:dirt":7,"minecraft:bone":3,"minecraft:wheat_seeds":2,"minecraft:beef":1,"minecraft:azalea":2,"minecraft:moss_block":5,"minecraft:melon_slice":42,"duckling:raw_duck":4,"minecraft:furnace":2,"minecraft:stick":2,"minecraft:raw_iron":10,"minecraft:torch":4,"minecraft:jungle_planks":2,"minecraft:arrow":1,"minecraft:netherrack":3,"minecraft:glow_berries":1,"minecraft:coal":23,"minecraft:cobblestone":49},"minecraft:used":{"minecraft:stone_pickaxe":68,"duckling:cooked_duck":2,"minecraft:wooden_pickaxe":11,"minecraft:shield":7,"minecraft:netherrack":3,"minecraft:glow_berries":1,"minecraft:torch":4,"minecraft:crafting_table":4,"minecraft:melon_slice":22,"minecraft:jungle_log":1,"minecraft:stone_axe":45,"minecraft:basalt":1,"minecraft:cobblestone":5,"minecraft:furnace":3},"minecraft:killed":{"duckling:duck":3,"minecraft:salmon":1,"minecraft:skeleton":2,"minecraft:zombie":1,"minecraft:turtle":1,"minecraft:player":3,"minecraft:cow":1},"minecraft:crafted":{"minecraft:crafting_table":1,"minecraft:wooden_pickaxe":1,"duckling:cooked_duck":2,"minecraft:furnace":1,"minecraft:stone_axe":1,"minecraft:air":0,"minecraft:jungle_planks":28,"minecraft:shield":2,"minecraft:stick":8,"minecraft:iron_ingot":5,"minecraft:stone_pickaxe":1,"minecraft:torch":8}},"DataVersion":3465}