{"stats":{"minecraft:custom":{"minecraft:time_since_rest":14500,"minecraft:interact_with_furnace":4,"minecraft:sprint_one_cm":18812,"minecraft:damage_taken":295,"minecraft:walk_one_cm":19160,"minecraft:mob_kills":7,"minecraft:drop":1,"minecraft:damage_dealt":917,"minecraft:fly_one_cm":40843,"minecraft:interact_with_crafting_table":7,"minecraft:swim_one_cm":12409,"minecraft:player_kills":1,"minecraft:crouch_one_cm":3102,"minecraft:play_time":14500,"minecraft:sneak_time":1192,"minecraft:walk_under_water_one_cm":1166,"minecraft:jump":232,"minecraft:time_since_death":14500,"minecraft:walk_on_water_one_cm":2238,"minecraft:climb_one_cm":1610,"minecraft:total_world_time":14500,"minecraft:fall_one_cm":7772},"minecraft:mined":{"minecraft:furnace":1,"minecraft:basalt":1,"minecraft:crafting_table":2,"minecraft:grass":4,"minecraft:grass_block":2,"minecraft:melon":8,"minecraft:vine":5,"minecraft:jungle_log":8,"minecraft:sand":1,"minecraft:dirt":5,"minecraft:deepslate_coal_ore":2,"minecraft:stone":31,"minecraft:fern":1},"minecraft:dropped":{"minecraft:dirt":7},"minecraft:picked_up":{"minecraft:basalt":1,"minecraft:stick":2,"minecraft:crafting_table":2,"minecraft:feather":6,"minecraft:jungle_log":8,"minecraft:salmon":1,"minecraft:dirt":7,"minecraft:beef":1,"minecraft:melon_slice":42,"minecraft:coal":2,"duckling:raw_duck":4,"minecraft:cobblestone":31,"minecraft:furnace":1},"minecraft:used":{"minecraft:melon_slice":6,"minecraft:stone_pickaxe":25,"duckling:cooked_duck":2,"minecraft:jungle_log":1,"minecraft:wooden_pickaxe":11,"minecraft:stone_axe":31,"minecraft:basalt":1,"minecraft:crafting_table":2,"minecraft:furnace":1},"minecraft:killed":{"minecraft:zombie":1,"duckling:duck":3,"minecraft:salmon":1,"minecraft:turtle":1,"minecraft:player":1,"minecraft:cow":1},"minecraft:crafted":{"minecraft:crafting_table":1,"minecraft:stick":4,"minecraft:wooden_pickaxe":1,"minecraft:stone_pickaxe":1,"minecraft:furnace":1,"duckling:cooked_duck":2,"minecraft:stone_axe":1,"minecraft:air":0,"minecraft:jungle_planks":28}},"DataVersion":3465}