{"stats":{"minecraft:killed_by":{"minecraft:player":5,"minecraft:warden":1,"minecraft:blaze":1},"minecraft:custom":{"minecraft:mob_kills":82,"minecraft:interact_with_crafting_table":61,"minecraft:open_barrel":1,"minecraft:bell_ring":2,"minecraft:leave_game":3,"minecraft:time_since_death":1427,"minecraft:climb_one_cm":10594,"minecraft:sprint_one_cm":380098,"minecraft:walk_one_cm":316043,"minecraft:damage_blocked_by_shield":835,"minecraft:drop":62,"minecraft:damage_dealt_absorbed":40,"minecraft:talked_to_villager":7,"minecraft:play_time":163689,"minecraft:sneak_time":11426,"minecraft:deaths":13,"minecraft:walk_under_water_one_cm":10913,"minecraft:boat_one_cm":18780,"minecraft:jump":2877,"minecraft:walk_on_water_one_cm":30064,"minecraft:total_world_time":163689,"minecraft:interact_with_furnace":57,"minecraft:sleep_in_bed":1,"minecraft:time_since_rest":1459,"minecraft:damage_taken":7548,"minecraft:damage_dealt":12632,"minecraft:player_kills":9,"minecraft:swim_one_cm":43237,"minecraft:fly_one_cm":544828,"minecraft:open_chest":51,"minecraft:crouch_one_cm":34970,"minecraft:fall_one_cm":111110,"minecraft:horse_one_cm":44434},"minecraft:broken":{"minecraft:golden_helmet":1,"minecraft:golden_shovel":1,"minecraft:stone_shovel":1},"minecraft:mined":{"minecraft:nether_gold_ore":7,"minecraft:crying_obsidian":2,"minecraft:tuff":1,"minecraft:white_bed":1,"minecraft:mossy_cobblestone":1,"minecraft:deepslate_diamond_ore":4,"minecraft:jungle_leaves":2,"minecraft:nether_bricks":14,"minecraft:obsidian":4,"minecraft:cave_vines_plant":12,"minecraft:allium":1,"minecraft:grass_block":2,"minecraft:decorated_pot":2,"minecraft:jungle_planks":4,"minecraft:jungle_log":8,"minecraft:nether_wart":40,"minecraft:hay_block":36,"minecraft:tall_seagrass":1,"minecraft:magma_block":5,"minecraft:furnace":6,"minecraft:iron_ore":35,"minecraft:fire":11,"minecraft:andesite":1,"minecraft:cave_vines":17,"minecraft:deepslate_iron_ore":9,"minecraft:flowering_azalea_leaves":1,"minecraft:vine":6,"minecraft:stone":108,"minecraft:white_tulip":2,"minecraft:blackstone":32,"minecraft:basalt":1,"minecraft:crafting_table":14,"minecraft:torch":40,"minecraft:honey_block":6,"minecraft:poppy":1,"minecraft:melon":8,"minecraft:sculk_sensor":3,"minecraft:tall_grass":13,"minecraft:copper_ore":1,"minecraft:cobblestone":24,"minecraft:deepslate_coal_ore":9,"minecraft:lapis_ore":5,"minecraft:sculk":1,"minecraft:wall_torch":9,"minecraft:lilac":2,"minecraft:grass":47,"minecraft:coal_ore":27,"minecraft:sand":186,"minecraft:dirt":5,"minecraft:cracked_stone_bricks":1,"minecraft:stone_bricks":3,"minecraft:netherrack":31,"minecraft:mossy_stone_bricks":1,"minecraft:fern":8},"minecraft:dropped":{"minecraft:moss_block":5,"minecraft:porkchop":3,"minecraft:shelter_pottery_sherd":1,"minecraft:wheat_seeds":11,"minecraft:glow_ink_sac":10,"minecraft:diamond":1,"minecraft:leather":2,"minecraft:jungle_planks":6,"minecraft:coal":17,"minecraft:leather_helmet":2,"minecraft:dirt":24,"minecraft:mutton":4,"minecraft:potion":1,"minecraft:sand":255,"minecraft:string":7,"minecraft:white_wool":1,"minecraft:gold_ingot":4,"duckling:raw_duck":2,"minecraft:moss_carpet":4,"minecraft:raw_copper":4,"minecraft:tuff":3,"minecraft:rotten_flesh":8,"sophisticatedbackpacks:backpack":3,"minecraft:ender_eye":1,"minecraft:honey_bottle":1,"minecraft:leather_chestplate":2,"minecraft:shield":2,"minecraft:gunpowder":6,"minecraft:leather_boots":1,"minecraft:azalea":2,"minecraft:magenta_dye":2,"minecraft:beef":9,"minecraft:brick":3},"minecraft:picked_up":{"minecraft:shelter_pottery_sherd":1,"minecraft:crafting_table":15,"minecraft:wheat":4,"minecraft:allium":1,"minecraft:nether_wart":40,"minecraft:clay_ball":51,"minecraft:smithing_table":1,"minecraft:potion":2,"minecraft:brick":3,"minecraft:string":19,"minecraft:moss_carpet":4,"minecraft:raw_copper":4,"minecraft:blackstone":43,"minecraft:cracked_stone_bricks":1,"minecraft:gold_nugget":25,"minecraft:cobbled_deepslate":1,"minecraft:beef":10,"minecraft:white_tulip":2,"minecraft:calcite":1,"minecraft:azalea":2,"minecraft:poppy":1,"minecraft:melon_slice":46,"duckling:raw_duck":11,"minecraft:furnace":6,"minecraft:stick":2,"minecraft:raw_iron":45,"minecraft:torch":52,"sophisticatedbackpacks:backpack":2,"minecraft:porkchop":13,"minecraft:carrot":1,"minecraft:rotten_flesh":8,"minecraft:honey_bottle":1,"minecraft:arrow":8,"minecraft:decorated_pot":1,"minecraft:nether_bricks":11,"minecraft:hay_block":36,"minecraft:gold_ingot":2,"minecraft:blaze_rod":6,"minecraft:glow_berries":27,"minecraft:obsidian":3,"minecraft:mutton":6,"minecraft:white_wool":4,"minecraft:cobblestone":131,"minecraft:basalt":1,"minecraft:magma_block":5,"minecraft:leather_chestplate":2,"minecraft:jungle_boat":3,"minecraft:feather":15,"minecraft:lilac":1,"minecraft:andesite":1,"minecraft:glow_ink_sac":10,"minecraft:salmon":1,"minecraft:jungle_log":8,"minecraft:leather":10,"minecraft:tuff":4,"minecraft:golden_boots":1,"minecraft:gunpowder":6,"minecraft:lapis_lazuli":35,"minecraft:dirt":39,"minecraft:leather_boots":1,"minecraft:bone":6,"minecraft:apple":3,"minecraft:stone_bricks":4,"minecraft:bow":1,"minecraft:wheat_seeds":11,"minecraft:iron_ingot":5,"minecraft:mossy_stone_bricks":1,"minecraft:moss_block":5,"minecraft:dandelion":2,"minecraft:sand":255,"minecraft:jungle_planks":43,"minecraft:white_bed":1,"minecraft:crying_obsidian":2,"minecraft:spider_eye":4,"minecraft:mossy_cobblestone":1,"minecraft:leather_helmet":2,"minecraft:diamond":5,"minecraft:honey_block":9,"minecraft:golden_horse_armor":1,"minecraft:oak_sapling":1,"minecraft:netherrack":29,"minecraft:coal":127,"minecraft:ender_pearl":2},"minecraft:used":{"minecraft:flint_and_steel":2,"minecraft:stone_shovel":172,"duckling:cooked_duck":6,"minecraft:decorated_pot":1,"minecraft:chest":2,"minecraft:shield":37,"minecraft:iron_sword":229,"minecraft:cooked_salmon":1,"minecraft:stone_hoe":26,"minecraft:netherrack":29,"minecraft:iron_chestplate":1,"minecraft:torch":46,"minecraft:dirt":15,"minecraft:nether_bricks":11,"minecraft:carrot":1,"minecraft:golden_shovel":32,"minecraft:obsidian":3,"minecraft:honey_block":8,"minecraft:jungle_log":1,"minecraft:stone_bricks":4,"minecraft:basalt":1,"minecraft:magma_block":5,"minecraft:bow":2,"minecraft:oak_sapling":1,"minecraft:furnace":6,"minecraft:cooked_beef":1,"minecraft:cobbled_deepslate":1,"minecraft:iron_leggings":1,"minecraft:cooked_mutton":2,"minecraft:calcite":1,"minecraft:water_bucket":28,"minecraft:mossy_stone_bricks":1,"minecraft:stone_pickaxe":68,"minecraft:blackstone":36,"minecraft:wooden_pickaxe":11,"minecraft:leather_chestplate":1,"minecraft:leather_boots":1,"minecraft:jungle_boat":3,"minecraft:cracked_stone_bricks":1,"minecraft:glow_berries":27,"minecraft:mossy_cobblestone":1,"minecraft:crafting_table":16,"minecraft:white_bed":2,"minecraft:diamond_pickaxe":27,"minecraft:bread":40,"minecraft:melon_slice":46,"minecraft:iron_pickaxe":234,"minecraft:leather_helmet":1,"minecraft:stone_axe":61,"minecraft:cobblestone":104,"minecraft:cooked_porkchop":4,"minecraft:andesite":1,"minecraft:bucket":29,"minecraft:dandelion":2},"minecraft:killed":{"minecraft:cave_spider":7,"minecraft:spider":11,"minecraft:skeleton":9,"minecraft:turtle":1,"minecraft:pig":6,"duckling:duck":9,"minecraft:zombie_villager":2,"minecraft:salmon":1,"minecraft:creeper":2,"minecraft:sheep":4,"minecraft:trader_llama":1,"minecraft:zombie":15,"minecraft:player":6,"minecraft:blaze":4,"minecraft:cow":7,"minecraft:enderman":3},"minecraft:crafted":{"minecraft:stone_shovel":2,"minecraft:blaze_powder":12,"minecraft:furnace":1,"minecraft:cooked_mutton":2,"minecraft:iron_boots":1,"minecraft:stone_pickaxe":1,"minecraft:chest":4,"minecraft:ender_eye":1,"minecraft:stone_hoe":1,"minecraft:magenta_dye":3,"sophisticatedbackpacks:iron_backpack":1,"minecraft:wheat":324,"minecraft:cooked_beef":1,"sophisticatedbackpacks:backpack":3,"minecraft:cooked_porkchop":4,"minecraft:crafting_table":2,"minecraft:jungle_boat":1,"minecraft:iron_helmet":1,"minecraft:wooden_pickaxe":1,"minecraft:iron_sword":1,"duckling:cooked_duck":6,"minecraft:cooked_salmon":1,"minecraft:bucket":1,"minecraft:stone_axe":1,"minecraft:bread":109,"minecraft:air":0,"minecraft:jungle_planks":28,"minecraft:iron_chestplate":1,"minecraft:diamond_pickaxe":1,"minecraft:shield":3,"minecraft:stick":24,"minecraft:iron_ingot":38,"minecraft:iron_pickaxe":1,"minecraft:gold_ingot":2,"minecraft:iron_leggings":1,"minecraft:white_bed":1,"minecraft:torch":8}},"DataVersion":3465}