{"stats":{"minecraft:killed_by":{"minecraft:player":3},"minecraft:custom":{"minecraft:interact_with_furnace":14,"minecraft:mob_kills":13,"minecraft:interact_with_crafting_table":31,"minecraft:leave_game":1,"minecraft:time_since_death":19008,"minecraft:climb_one_cm":4119,"minecraft:time_since_rest":19032,"minecraft:sprint_one_cm":60237,"minecraft:damage_taken":1630,"minecraft:walk_one_cm":57980,"minecraft:damage_blocked_by_shield":350,"minecraft:drop":9,"minecraft:damage_dealt":2161,"minecraft:swim_one_cm":21658,"minecraft:fly_one_cm":104038,"minecraft:player_kills":3,"minecraft:crouch_one_cm":19209,"minecraft:play_time":37920,"minecraft:deaths":3,"minecraft:sneak_time":5888,"minecraft:walk_under_water_one_cm":2890,"minecraft:jump":689,"minecraft:walk_on_water_one_cm":7215,"minecraft:total_world_time":37920,"minecraft:fall_one_cm":21978},"minecraft:mined":{"minecraft:deepslate_diamond_ore":1,"minecraft:jungle_leaves":2,"minecraft:basalt":1,"minecraft:crafting_table":4,"minecraft:torch":7,"minecraft:grass_block":2,"minecraft:melon":8,"minecraft:jungle_planks":4,"minecraft:jungle_log":8,"minecraft:tall_grass":1,"minecraft:deepslate_coal_ore":9,"minecraft:lapis_ore":2,"minecraft:sculk":1,"minecraft:wall_torch":5,"minecraft:furnace":3,"minecraft:iron_ore":10,"minecraft:grass":28,"minecraft:coal_ore":6,"minecraft:deepslate_iron_ore":3,"minecraft:vine":6,"minecraft:sand":1,"minecraft:dirt":5,"minecraft:stone":52,"minecraft:fern":7},"minecraft:dropped":{"minecraft:moss_carpet":4,"minecraft:moss_block":5,"minecraft:wheat_seeds":2,"minecraft:jungle_planks":6,"minecraft:dirt":7,"minecraft:shield":2,"minecraft:azalea":2},"minecraft:picked_up":{"minecraft:crafting_table":5,"minecraft:feather":6,"minecraft:basalt":1,"minecraft:clay_ball":51,"minecraft:jungle_log":8,"minecraft:salmon":1,"minecraft:lapis_lazuli":15,"minecraft:moss_carpet":4,"minecraft:dirt":7,"minecraft:bone":5,"minecraft:bow":1,"minecraft:wheat_seeds":2,"minecraft:beef":1,"minecraft:azalea":2,"minecraft:moss_block":5,"minecraft:melon_slice":42,"duckling:raw_duck":4,"minecraft:furnace":3,"minecraft:raw_iron":14,"minecraft:stick":2,"minecraft:torch":13,"minecraft:jungle_planks":43,"minecraft:arrow":2,"minecraft:diamond":1,"minecraft:netherrack":3,"minecraft:glow_berries":1,"minecraft:coal":32,"minecraft:cobblestone":52},"minecraft:used":{"minecraft:stone_pickaxe":68,"duckling:cooked_duck":2,"minecraft:wooden_pickaxe":11,"minecraft:shield":8,"minecraft:iron_sword":7,"minecraft:netherrack":3,"minecraft:torch":12,"minecraft:glow_berries":1,"minecraft:crafting_table":6,"minecraft:melon_slice":38,"minecraft:iron_pickaxe":10,"minecraft:jungle_log":1,"minecraft:stone_axe":50,"minecraft:basalt":1,"minecraft:cobblestone":14,"minecraft:furnace":3},"minecraft:killed":{"duckling:duck":3,"minecraft:salmon":1,"minecraft:skeleton":3,"minecraft:zombie":3,"minecraft:turtle":1,"minecraft:player":3,"minecraft:enderman":1,"minecraft:cow":1},"minecraft:crafted":{"minecraft:crafting_table":1,"minecraft:jungle_boat":1,"minecraft:wooden_pickaxe":1,"minecraft:iron_sword":1,"minecraft:furnace":1,"duckling:cooked_duck":2,"minecraft:stone_axe":1,"minecraft:air":0,"minecraft:jungle_planks":28,"minecraft:shield":3,"minecraft:stick":24,"minecraft:iron_ingot":10,"minecraft:iron_pickaxe":1,"minecraft:stone_pickaxe":1,"minecraft:torch":8}},"DataVersion":3465}