{"stats":{"minecraft:killed_by":{"minecraft:player":4,"minecraft:warden":1},"minecraft:custom":{"minecraft:mob_kills":68,"minecraft:interact_with_crafting_table":48,"minecraft:open_barrel":1,"minecraft:bell_ring":2,"minecraft:leave_game":3,"minecraft:time_since_death":49915,"minecraft:climb_one_cm":10594,"minecraft:sprint_one_cm":262699,"minecraft:walk_one_cm":213278,"minecraft:damage_blocked_by_shield":695,"minecraft:drop":38,"minecraft:talked_to_villager":7,"minecraft:play_time":115689,"minecraft:sneak_time":8946,"minecraft:deaths":5,"minecraft:walk_under_water_one_cm":10567,"minecraft:boat_one_cm":18780,"minecraft:jump":2165,"minecraft:walk_on_water_one_cm":20578,"minecraft:total_world_time":115689,"minecraft:interact_with_furnace":57,"minecraft:sleep_in_bed":1,"minecraft:time_since_rest":42707,"minecraft:damage_taken":3545,"minecraft:damage_dealt":10418,"minecraft:player_kills":6,"minecraft:swim_one_cm":42556,"minecraft:fly_one_cm":425321,"minecraft:open_chest":13,"minecraft:crouch_one_cm":26553,"minecraft:fall_one_cm":66789,"minecraft:horse_one_cm":4026},"minecraft:broken":{"minecraft:golden_shovel":1},"minecraft:mined":{"minecraft:crying_obsidian":2,"minecraft:tuff":1,"minecraft:white_bed":1,"minecraft:mossy_cobblestone":1,"minecraft:deepslate_diamond_ore":2,"minecraft:jungle_leaves":2,"minecraft:obsidian":2,"minecraft:cave_vines_plant":12,"minecraft:allium":1,"minecraft:grass_block":2,"minecraft:decorated_pot":2,"minecraft:jungle_planks":4,"minecraft:jungle_log":8,"minecraft:hay_block":36,"minecraft:tall_seagrass":1,"minecraft:magma_block":5,"minecraft:furnace":6,"minecraft:iron_ore":35,"minecraft:fire":10,"minecraft:andesite":1,"minecraft:cave_vines":17,"minecraft:deepslate_iron_ore":9,"minecraft:flowering_azalea_leaves":1,"minecraft:vine":6,"minecraft:stone":108,"minecraft:white_tulip":2,"minecraft:basalt":1,"minecraft:crafting_table":11,"minecraft:torch":17,"minecraft:poppy":1,"minecraft:melon":8,"minecraft:sculk_sensor":3,"minecraft:tall_grass":13,"minecraft:copper_ore":1,"minecraft:cobblestone":3,"minecraft:deepslate_coal_ore":9,"minecraft:lapis_ore":5,"minecraft:sculk":1,"minecraft:wall_torch":7,"minecraft:lilac":1,"minecraft:grass":42,"minecraft:coal_ore":27,"minecraft:sand":67,"minecraft:dirt":5,"minecraft:cracked_stone_bricks":1,"minecraft:stone_bricks":3,"minecraft:netherrack":4,"minecraft:mossy_stone_bricks":1,"minecraft:fern":8},"minecraft:dropped":{"minecraft:moss_block":5,"minecraft:porkchop":3,"minecraft:shelter_pottery_sherd":1,"minecraft:wheat_seeds":3,"minecraft:glow_ink_sac":10,"minecraft:diamond":1,"minecraft:jungle_planks":6,"minecraft:leather_helmet":2,"minecraft:dirt":7,"minecraft:mutton":4,"minecraft:potion":1,"minecraft:string":6,"duckling:raw_duck":2,"minecraft:moss_carpet":4,"minecraft:raw_copper":4,"minecraft:rotten_flesh":6,"minecraft:honey_bottle":1,"minecraft:leather_chestplate":2,"minecraft:shield":2,"minecraft:gunpowder":6,"minecraft:leather_boots":1,"minecraft:azalea":2,"minecraft:magenta_dye":2,"minecraft:beef":9,"minecraft:brick":3},"minecraft:picked_up":{"minecraft:shelter_pottery_sherd":1,"minecraft:crafting_table":12,"minecraft:allium":1,"minecraft:clay_ball":51,"minecraft:potion":1,"minecraft:brick":3,"minecraft:string":17,"minecraft:moss_carpet":4,"minecraft:raw_copper":4,"minecraft:cracked_stone_bricks":1,"minecraft:cobbled_deepslate":1,"minecraft:beef":10,"minecraft:white_tulip":2,"minecraft:calcite":1,"minecraft:azalea":2,"minecraft:poppy":1,"minecraft:melon_slice":46,"duckling:raw_duck":11,"minecraft:furnace":6,"minecraft:stick":2,"minecraft:raw_iron":45,"minecraft:torch":25,"minecraft:porkchop":13,"minecraft:carrot":1,"minecraft:rotten_flesh":6,"minecraft:honey_bottle":1,"minecraft:arrow":4,"minecraft:decorated_pot":1,"minecraft:hay_block":36,"minecraft:glow_berries":27,"minecraft:obsidian":2,"minecraft:mutton":6,"minecraft:white_wool":4,"minecraft:cobblestone":111,"minecraft:basalt":1,"minecraft:magma_block":5,"minecraft:leather_chestplate":2,"minecraft:jungle_boat":3,"minecraft:feather":15,"minecraft:lilac":1,"minecraft:andesite":1,"minecraft:glow_ink_sac":10,"minecraft:salmon":1,"minecraft:jungle_log":8,"minecraft:leather":8,"minecraft:tuff":1,"minecraft:gunpowder":6,"minecraft:lapis_lazuli":35,"minecraft:dirt":7,"minecraft:leather_boots":1,"minecraft:bone":5,"minecraft:stone_bricks":3,"minecraft:bow":1,"minecraft:wheat_seeds":3,"minecraft:mossy_stone_bricks":1,"minecraft:moss_block":5,"minecraft:sand":65,"minecraft:jungle_planks":43,"minecraft:white_bed":1,"minecraft:crying_obsidian":2,"minecraft:spider_eye":4,"minecraft:mossy_cobblestone":1,"minecraft:leather_helmet":2,"minecraft:diamond":3,"minecraft:honey_block":2,"minecraft:oak_sapling":1,"minecraft:netherrack":7,"minecraft:coal":127,"minecraft:ender_pearl":2},"minecraft:used":{"minecraft:stone_shovel":34,"duckling:cooked_duck":6,"minecraft:decorated_pot":1,"minecraft:shield":36,"minecraft:iron_sword":177,"minecraft:cooked_salmon":1,"minecraft:stone_hoe":26,"minecraft:netherrack":7,"minecraft:iron_chestplate":1,"minecraft:torch":20,"minecraft:carrot":1,"minecraft:golden_shovel":32,"minecraft:obsidian":2,"minecraft:honey_block":2,"minecraft:jungle_log":1,"minecraft:stone_bricks":3,"minecraft:basalt":1,"minecraft:magma_block":5,"minecraft:bow":2,"minecraft:oak_sapling":1,"minecraft:furnace":6,"minecraft:cooked_beef":1,"minecraft:cobbled_deepslate":1,"minecraft:iron_leggings":1,"minecraft:cooked_mutton":2,"minecraft:calcite":1,"minecraft:water_bucket":1,"minecraft:mossy_stone_bricks":1,"minecraft:stone_pickaxe":68,"minecraft:wooden_pickaxe":11,"minecraft:leather_chestplate":1,"minecraft:leather_boots":1,"minecraft:jungle_boat":3,"minecraft:cracked_stone_bricks":1,"minecraft:glow_berries":27,"minecraft:mossy_cobblestone":1,"minecraft:crafting_table":14,"minecraft:white_bed":1,"minecraft:diamond_pickaxe":17,"minecraft:bread":11,"minecraft:melon_slice":46,"minecraft:iron_pickaxe":138,"minecraft:leather_helmet":1,"minecraft:stone_axe":58,"minecraft:cobblestone":26,"minecraft:cooked_porkchop":4,"minecraft:andesite":1,"minecraft:bucket":2},"minecraft:killed":{"minecraft:cave_spider":7,"minecraft:spider":6,"minecraft:skeleton":5,"minecraft:turtle":1,"minecraft:pig":6,"duckling:duck":9,"minecraft:zombie_villager":2,"minecraft:salmon":1,"minecraft:creeper":2,"minecraft:sheep":4,"minecraft:trader_llama":1,"minecraft:zombie":14,"minecraft:player":6,"minecraft:cow":7,"minecraft:enderman":3},"minecraft:crafted":{"minecraft:stone_shovel":1,"minecraft:furnace":1,"minecraft:cooked_mutton":2,"minecraft:iron_boots":1,"minecraft:stone_pickaxe":1,"minecraft:chest":1,"minecraft:stone_hoe":1,"minecraft:magenta_dye":3,"sophisticatedbackpacks:iron_backpack":1,"minecraft:wheat":324,"minecraft:cooked_beef":1,"sophisticatedbackpacks:backpack":2,"minecraft:cooked_porkchop":4,"minecraft:crafting_table":2,"minecraft:jungle_boat":1,"minecraft:wooden_pickaxe":1,"minecraft:iron_sword":1,"duckling:cooked_duck":6,"minecraft:cooked_salmon":1,"minecraft:bucket":1,"minecraft:stone_axe":1,"minecraft:bread":81,"minecraft:air":0,"minecraft:jungle_planks":28,"minecraft:iron_chestplate":1,"minecraft:diamond_pickaxe":1,"minecraft:shield":3,"minecraft:stick":24,"minecraft:iron_ingot":38,"minecraft:iron_pickaxe":1,"minecraft:iron_leggings":1,"minecraft:white_bed":1,"minecraft:torch":8}},"DataVersion":3465}