{"stats":{"minecraft:killed_by":{"minecraft:blaze":1,"minecraft:player":6,"minecraft:warden":1},"minecraft:custom":{"minecraft:interact_with_crafting_table":75,"minecraft:open_barrel":1,"minecraft:bell_ring":2,"minecraft:leave_game":5,"minecraft:time_since_death":0,"minecraft:sprint_one_cm":594328,"minecraft:damage_blocked_by_shield":1055,"minecraft:drop":123,"minecraft:talked_to_villager":7,"minecraft:play_time":250325,"minecraft:deaths":20,"minecraft:jump":4112,"minecraft:walk_on_water_one_cm":38542,"minecraft:enchant_item":4,"minecraft:interact_with_furnace":100,"minecraft:sleep_in_bed":1,"minecraft:damage_dealt":17693,"minecraft:player_kills":10,"minecraft:crouch_one_cm":47586,"minecraft:horse_one_cm":44434,"minecraft:mob_kills":104,"minecraft:interact_with_anvil":13,"minecraft:climb_one_cm":11664,"minecraft:walk_one_cm":488668,"minecraft:damage_dealt_absorbed":40,"minecraft:sneak_time":16686,"minecraft:walk_under_water_one_cm":11595,"minecraft:boat_one_cm":18780,"minecraft:total_world_time":250325,"minecraft:interact_with_grindstone":6,"minecraft:time_since_rest":127,"minecraft:damage_taken":9581,"minecraft:swim_one_cm":43524,"minecraft:fly_one_cm":1299001,"minecraft:open_chest":89,"minecraft:fall_one_cm":147694},"minecraft:broken":{"minecraft:golden_helmet":1,"minecraft:golden_shovel":1,"minecraft:iron_leggings":1,"minecraft:iron_sword":1,"minecraft:stone_shovel":1,"minecraft:iron_pickaxe":1},"minecraft:mined":{"minecraft:white_bed":1,"minecraft:jungle_leaves":2,"minecraft:obsidian":5,"minecraft:cave_vines_plant":12,"minecraft:granite":98,"minecraft:grass_block":4,"minecraft:jungle_log":8,"minecraft:nether_wart":40,"minecraft:spawner":2,"minecraft:polished_blackstone_bricks":3,"minecraft:tall_seagrass":1,"minecraft:magma_block":5,"minecraft:iron_ore":35,"minecraft:fire":13,"minecraft:enchanting_table":69,"minecraft:cave_vines":19,"minecraft:flowering_azalea_leaves":1,"minecraft:iron_bars":1,"minecraft:blackstone":47,"minecraft:torch":47,"minecraft:poppy":1,"minecraft:melon":8,"minecraft:cobblestone":37,"minecraft:oak_planks":8,"minecraft:damaged_anvil":1,"minecraft:wall_torch":18,"minecraft:lilac":2,"minecraft:grass":48,"minecraft:sand":186,"minecraft:dirt":9,"minecraft:infested_cracked_stone_bricks":1,"minecraft:smooth_basalt":1,"minecraft:netherrack":31,"minecraft:nether_gold_ore":7,"minecraft:crying_obsidian":2,"minecraft:tuff":1,"minecraft:mossy_cobblestone":1,"minecraft:deepslate_diamond_ore":4,"minecraft:end_stone":18,"minecraft:nether_bricks":17,"minecraft:allium":1,"minecraft:decorated_pot":2,"minecraft:jungle_planks":4,"minecraft:hay_block":36,"minecraft:furnace":7,"minecraft:andesite":1,"minecraft:gold_block":6,"minecraft:bookshelf":28,"minecraft:deepslate_iron_ore":9,"minecraft:vine":6,"minecraft:stone":147,"minecraft:white_tulip":2,"minecraft:infested_stone_bricks":1,"minecraft:basalt":1,"minecraft:oak_fence":3,"minecraft:crafting_table":17,"minecraft:honey_block":8,"minecraft:sculk_sensor":3,"minecraft:tall_grass":13,"minecraft:copper_ore":1,"minecraft:deepslate_coal_ore":9,"minecraft:lapis_ore":5,"minecraft:sculk":1,"minecraft:birch_planks":6,"minecraft:coal_ore":27,"minecraft:cobweb":32,"minecraft:cracked_stone_bricks":2,"minecraft:stone_bricks":6,"minecraft:mossy_stone_bricks":2,"minecraft:gold_ore":1,"minecraft:fern":8},"minecraft:dropped":{"minecraft:moss_block":5,"minecraft:porkchop":3,"minecraft:lapis_lazuli":122,"minecraft:glow_ink_sac":10,"minecraft:diamond":1,"minecraft:crossbow":1,"minecraft:leather":2,"minecraft:jungle_planks":6,"minecraft:leather_helmet":2,"minecraft:dirt":24,"minecraft:mutton":4,"minecraft:sand":255,"minecraft:white_wool":1,"minecraft:gold_ingot":68,"minecraft:bone":1,"duckling:raw_duck":2,"minecraft:rotten_flesh":10,"minecraft:blaze_powder":13,"minecraft:honey_bottle":1,"sophisticatedbackpacks:diamond_backpack":1,"minecraft:leather_chestplate":2,"minecraft:gunpowder":6,"minecraft:leather_boots":1,"minecraft:azalea":2,"minecraft:arrow":5,"minecraft:beef":9,"minecraft:shelter_pottery_sherd":1,"minecraft:wheat_seeds":11,"minecraft:book":2,"minecraft:spectral_arrow":11,"minecraft:coal":19,"minecraft:diamond_helmet":2,"minecraft:potion":1,"minecraft:iron_leggings":1,"minecraft:string":8,"minecraft:moss_carpet":4,"minecraft:raw_copper":4,"minecraft:tuff":3,"sophisticatedbackpacks:backpack":3,"minecraft:ender_eye":1,"minecraft:diamond_sword":4,"minecraft:shield":2,"minecraft:diamond_chestplate":3,"minecraft:dragon_egg":2,"minecraft:magenta_dye":2,"minecraft:brick":3},"minecraft:picked_up":{"minecraft:wheat":4,"minecraft:smithing_table":1,"minecraft:diamond_sword":4,"minecraft:potion":2,"minecraft:enchanted_book":1,"minecraft:nether_brick":8,"minecraft:string":53,"minecraft:raw_copper":4,"minecraft:iron_leggings":1,"minecraft:gold_nugget":25,"minecraft:cobbled_deepslate":1,"minecraft:white_tulip":2,"minecraft:calcite":1,"minecraft:azalea":2,"minecraft:melon_slice":46,"minecraft:furnace":7,"minecraft:stick":2,"minecraft:oak_fence":3,"minecraft:torch":68,"minecraft:porkchop":13,"minecraft:honey_bottle":1,"minecraft:rotten_flesh":10,"minecraft:blaze_rod":7,"minecraft:obsidian":7,"minecraft:cobblestone":183,"minecraft:enchanting_table":68,"minecraft:leather_chestplate":2,"minecraft:magma_block":5,"minecraft:feather":15,"minecraft:lilac":1,"minecraft:andesite":1,"minecraft:jungle_log":8,"minecraft:tuff":4,"minecraft:lapis_lazuli":134,"minecraft:dirt":45,"minecraft:leather_boots":1,"minecraft:bone":7,"minecraft:bow":1,"minecraft:wheat_seeds":11,"minecraft:raw_gold":3,"minecraft:mossy_stone_bricks":2,"minecraft:diamond_helmet":1,"minecraft:moss_block":5,"minecraft:oak_planks":14,"minecraft:honeycomb":13,"minecraft:jungle_planks":43,"minecraft:sand":255,"minecraft:spectral_arrow":12,"minecraft:mossy_cobblestone":1,"minecraft:diamond":24,"minecraft:granite":97,"minecraft:golden_horse_armor":1,"minecraft:oak_sapling":1,"minecraft:netherrack":29,"minecraft:shelter_pottery_sherd":1,"minecraft:crafting_table":18,"minecraft:allium":1,"minecraft:nether_wart":40,"minecraft:clay_ball":51,"minecraft:gold_block":6,"minecraft:brick":3,"minecraft:moss_carpet":4,"minecraft:blackstone":85,"minecraft:cracked_stone_bricks":1,"minecraft:beef":10,"minecraft:poppy":1,"duckling:raw_duck":11,"minecraft:raw_iron":57,"minecraft:end_stone":18,"sophisticatedbackpacks:backpack":3,"minecraft:fire_charge":2,"minecraft:polished_blackstone_bricks":2,"minecraft:carrot":1,"minecraft:diamond_chestplate":2,"minecraft:arrow":8,"minecraft:decorated_pot":1,"minecraft:nether_bricks":14,"minecraft:hay_block":36,"minecraft:gold_ingot":22,"minecraft:glow_berries":28,"minecraft:mutton":6,"minecraft:white_wool":4,"minecraft:jungle_boat":3,"minecraft:basalt":1,"minecraft:glow_ink_sac":10,"minecraft:salmon":1,"minecraft:leather":14,"minecraft:birch_planks":6,"minecraft:oak_log":2,"minecraft:golden_boots":2,"minecraft:gunpowder":6,"minecraft:apple":3,"minecraft:stone_bricks":7,"minecraft:iron_ingot":11,"minecraft:soul_sand":8,"minecraft:book":87,"minecraft:smooth_basalt":1,"minecraft:dandelion":2,"minecraft:white_bed":1,"minecraft:crying_obsidian":8,"minecraft:dragon_egg":2,"minecraft:spider_eye":4,"minecraft:leather_helmet":2,"minecraft:honey_block":11,"minecraft:damaged_anvil":1,"minecraft:coal":129,"minecraft:ender_pearl":3},"minecraft:used":{"duckling:cooked_duck":6,"minecraft:decorated_pot":1,"minecraft:chest":2,"minecraft:shield":43,"minecraft:iron_sword":255,"minecraft:iron_chestplate":2,"minecraft:nether_bricks":14,"minecraft:carrot":1,"minecraft:obsidian":3,"minecraft:honey_block":10,"minecraft:stone_bricks":7,"minecraft:magma_block":5,"minecraft:bow":34,"minecraft:furnace":8,"minecraft:oak_sapling":1,"minecraft:mossy_stone_bricks":2,"minecraft:stone_pickaxe":68,"minecraft:oak_planks":6,"minecraft:blackstone":78,"minecraft:ender_pearl":1,"minecraft:leather_chestplate":1,"minecraft:wooden_pickaxe":11,"minecraft:jungle_boat":4,"minecraft:glow_berries":27,"minecraft:crossbow":1,"minecraft:end_stone":9,"minecraft:bread":80,"minecraft:melon_slice":46,"minecraft:string":2,"minecraft:diamond_sword":121,"minecraft:andesite":1,"minecraft:enchanting_table":69,"minecraft:flint_and_steel":2,"minecraft:stone_shovel":172,"minecraft:cooked_salmon":1,"minecraft:stone_hoe":26,"minecraft:netherrack":29,"minecraft:torch":66,"minecraft:dirt":21,"minecraft:golden_shovel":32,"minecraft:granite":60,"minecraft:iron_axe":6,"minecraft:jungle_log":1,"minecraft:smooth_basalt":1,"minecraft:basalt":1,"minecraft:cooked_beef":1,"minecraft:cobbled_deepslate":1,"minecraft:iron_leggings":2,"minecraft:calcite":1,"minecraft:cooked_mutton":2,"minecraft:water_bucket":39,"minecraft:birch_planks":24,"minecraft:leather_boots":1,"minecraft:gold_ore":1,"minecraft:polished_blackstone_bricks":2,"minecraft:cracked_stone_bricks":1,"minecraft:mossy_cobblestone":1,"minecraft:crafting_table":22,"minecraft:white_bed":2,"minecraft:oak_log":2,"minecraft:diamond_pickaxe":158,"minecraft:iron_pickaxe":384,"minecraft:leather_helmet":1,"minecraft:stone_axe":103,"minecraft:cobblestone":157,"minecraft:potion":1,"minecraft:cooked_porkchop":4,"minecraft:bucket":40,"minecraft:dandelion":2},"minecraft:killed":{"minecraft:cave_spider":7,"minecraft:spider":12,"minecraft:skeleton":9,"minecraft:silverfish":3,"minecraft:turtle":1,"minecraft:piglin_brute":1,"minecraft:magma_cube":2,"minecraft:piglin":1,"minecraft:pig":6,"minecraft:zombie_villager":2,"minecraft:salmon":1,"minecraft:creeper":3,"minecraft:sheep":4,"minecraft:trader_llama":1,"minecraft:zombie":18,"minecraft:blaze":7,"minecraft:cow":7,"duckling:duck":9,"minecraft:wither_skeleton":3,"minecraft:player":7,"minecraft:enderman":6},"minecraft:crafted":{"minecraft:blaze_powder":14,"minecraft:cooked_mutton":2,"minecraft:diamond_helmet":1,"minecraft:iron_boots":1,"minecraft:chest":4,"minecraft:stone_hoe":1,"minecraft:ender_eye":1,"minecraft:magenta_dye":3,"sophisticatedbackpacks:backpack":3,"minecraft:cooked_porkchop":4,"minecraft:crafting_table":4,"minecraft:jungle_boat":1,"minecraft:wooden_pickaxe":1,"minecraft:iron_helmet":1,"minecraft:iron_chestplate":1,"minecraft:diamond_pickaxe":1,"minecraft:shield":3,"sophisticatedbackpacks:diamond_backpack":1,"minecraft:stick":24,"minecraft:iron_ingot":42,"minecraft:iron_pickaxe":1,"minecraft:gold_ingot":58,"minecraft:stone_shovel":2,"minecraft:furnace":1,"minecraft:iron_axe":1,"minecraft:stone_pickaxe":1,"minecraft:wheat":324,"sophisticatedbackpacks:iron_backpack":2,"minecraft:cooked_beef":1,"minecraft:diamond_sword":1,"minecraft:enchanting_table":1,"minecraft:iron_sword":1,"duckling:cooked_duck":6,"minecraft:cooked_salmon":1,"sophisticatedbackpacks:gold_backpack":2,"minecraft:bucket":1,"minecraft:stone_axe":1,"minecraft:bread":109,"minecraft:air":0,"minecraft:jungle_planks":28,"minecraft:iron_leggings":1,"minecraft:white_bed":1,"minecraft:torch":8,"minecraft:diamond_chestplate":1}},"DataVersion":3465}