{"stats":{"minecraft:killed_by":{"minecraft:player":9},"minecraft:custom":{"minecraft:interact_with_furnace":17,"minecraft:mob_kills":36,"minecraft:interact_with_crafting_table":11,"minecraft:leave_game":5,"minecraft:time_since_death":1379,"minecraft:climb_one_cm":6006,"minecraft:time_since_rest":1404,"minecraft:sprint_one_cm":118230,"minecraft:damage_taken":4047,"minecraft:walk_one_cm":134645,"minecraft:drop":15,"minecraft:damage_dealt":6426,"minecraft:swim_one_cm":17779,"minecraft:talked_to_villager":2,"minecraft:fly_one_cm":220505,"minecraft:player_kills":7,"minecraft:open_chest":1,"minecraft:crouch_one_cm":33708,"minecraft:play_time":68194,"minecraft:deaths":12,"minecraft:sneak_time":9827,"minecraft:walk_under_water_one_cm":7893,"minecraft:jump":1622,"minecraft:walk_on_water_one_cm":22950,"minecraft:total_world_time":68194,"minecraft:horse_one_cm":1333,"minecraft:fall_one_cm":68369},"minecraft:mined":{"minecraft:blackstone":6,"minecraft:sculk_vein":2,"minecraft:jungle_leaves":1,"minecraft:crafting_table":7,"minecraft:torch":2,"minecraft:cave_vines_plant":13,"minecraft:melon":13,"minecraft:jungle_planks":2,"minecraft:jungle_log":32,"minecraft:dead_bush":2,"minecraft:sculk_sensor":2,"minecraft:tall_grass":6,"minecraft:cobblestone":2,"minecraft:moss_block":1,"minecraft:sculk":46,"minecraft:wall_torch":1,"minecraft:sculk_catalyst":1,"minecraft:furnace":2,"minecraft:iron_ore":7,"minecraft:fire":1,"minecraft:pumpkin":2,"minecraft:grass":98,"minecraft:sculk_shrieker":2,"minecraft:coal_ore":10,"minecraft:cave_vines":31,"minecraft:deepslate_iron_ore":28,"minecraft:vine":7,"minecraft:oak_stairs":1,"minecraft:dirt":1,"minecraft:stone":62,"minecraft:oak_leaves":1,"minecraft:deepslate":35,"minecraft:fern":23},"minecraft:broken":{"minecraft:stone_pickaxe":1,"minecraft:stone_axe":2},"minecraft:dropped":{"minecraft:cocoa_beans":1,"minecraft:ender_pearl":1,"minecraft:diamond":1,"minecraft:glow_berries":14,"minecraft:leather":2,"minecraft:jungle_planks":41,"minecraft:melon_slice":6,"minecraft:string":1},"minecraft:picked_up":{"minecraft:cocoa_beans":1,"minecraft:crafting_table":6,"minecraft:feather":3,"minecraft:chicken":2,"minecraft:glow_ink_sac":19,"minecraft:jungle_log":32,"minecraft:salmon":3,"minecraft:leather":8,"minecraft:shield":1,"minecraft:gunpowder":1,"minecraft:string":2,"minecraft:dirt":1,"minecraft:bone":6,"minecraft:blackstone":6,"minecraft:wheat_seeds":15,"minecraft:cobbled_deepslate":34,"minecraft:beef":6,"minecraft:melon_slice":58,"minecraft:acacia_sapling":1,"duckling:raw_duck":4,"minecraft:furnace":1,"minecraft:raw_iron":32,"minecraft:stick":2,"minecraft:smooth_basalt":1,"minecraft:pumpkin":2,"minecraft:torch":4,"minecraft:porkchop":2,"minecraft:jungle_planks":2,"minecraft:sand":11,"minecraft:spider_eye":1,"minecraft:rotten_flesh":8,"minecraft:arrow":6,"minecraft:diamond":1,"minecraft:glow_berries":24,"minecraft:mutton":4,"minecraft:coal":21,"minecraft:white_wool":3,"minecraft:cobblestone":61,"minecraft:ender_pearl":1},"minecraft:used":{"minecraft:stone_pickaxe":178,"duckling:cooked_duck":3,"minecraft:wooden_pickaxe":6,"minecraft:torch":4,"minecraft:glow_berries":10,"minecraft:crafting_table":7,"minecraft:jungle_planks":9,"minecraft:wooden_axe":53,"minecraft:melon_slice":52,"minecraft:stone_axe":148,"minecraft:cobblestone":11,"minecraft:furnace":2,"minecraft:cobbled_deepslate":13},"minecraft:killed":{"minecraft:wolf":1,"minecraft:pig":1,"duckling:duck":3,"minecraft:salmon":3,"minecraft:spider":1,"minecraft:wandering_trader":1,"minecraft:sheep":3,"minecraft:skeleton":6,"minecraft:trader_llama":1,"minecraft:zombie":11,"minecraft:chicken":2,"minecraft:player":6,"minecraft:cow":3},"minecraft:crafted":{"minecraft:crafting_table":2,"minecraft:wooden_pickaxe":1,"duckling:cooked_duck":3,"minecraft:furnace":1,"minecraft:stone_axe":3,"minecraft:air":0,"minecraft:jungle_planks":128,"minecraft:stick":28,"minecraft:iron_ingot":2,"minecraft:stone_pickaxe":2,"minecraft:wooden_axe":1}},"DataVersion":3465}