{"stats":{"minecraft:killed_by":{"minecraft:player":12,"minecraft:creeper":1},"minecraft:custom":{"minecraft:mob_kills":79,"minecraft:interact_with_crafting_table":32,"minecraft:open_barrel":1,"minecraft:leave_game":8,"minecraft:time_since_death":3287,"minecraft:climb_one_cm":6170,"minecraft:sprint_one_cm":376831,"minecraft:walk_one_cm":374337,"minecraft:damage_blocked_by_shield":230,"minecraft:drop":78,"minecraft:talked_to_villager":4,"minecraft:play_time":162192,"minecraft:sneak_time":12979,"minecraft:deaths":26,"minecraft:walk_under_water_one_cm":10407,"minecraft:boat_one_cm":24,"minecraft:jump":3960,"minecraft:walk_on_water_one_cm":35269,"minecraft:total_world_time":162192,"minecraft:interact_with_furnace":53,"minecraft:time_since_rest":3329,"minecraft:damage_taken":9273,"minecraft:damage_absorbed":40,"minecraft:damage_dealt":13710,"minecraft:player_kills":9,"minecraft:swim_one_cm":19416,"minecraft:fly_one_cm":633035,"minecraft:open_chest":81,"minecraft:crouch_one_cm":41575,"minecraft:fall_one_cm":158146,"minecraft:horse_one_cm":8042},"minecraft:broken":{"minecraft:stone_pickaxe":1,"minecraft:stone_axe":3},"minecraft:mined":{"minecraft:tuff":5,"minecraft:mossy_cobblestone":1,"minecraft:deepslate_diamond_ore":23,"minecraft:sculk_vein":2,"minecraft:jungle_leaves":1,"minecraft:nether_bricks":13,"minecraft:obsidian":1,"minecraft:gray_stained_glass_pane":2,"minecraft:cave_vines_plant":13,"minecraft:spruce_trapdoor":1,"minecraft:budding_amethyst":1,"minecraft:spruce_fence":2,"minecraft:jungle_planks":2,"minecraft:jungle_log":32,"minecraft:moss_block":1,"minecraft:spawner":1,"minecraft:red_stained_glass_pane":2,"minecraft:large_fern":1,"minecraft:hay_block":12,"minecraft:sculk_catalyst":1,"minecraft:furnace":16,"minecraft:iron_ore":18,"minecraft:fire":18,"minecraft:pumpkin":2,"minecraft:moss_carpet":1,"minecraft:gold_block":3,"minecraft:sculk_shrieker":2,"minecraft:cave_vines":31,"minecraft:deepslate_iron_ore":28,"minecraft:vine":7,"minecraft:oak_stairs":2,"minecraft:stone":72,"minecraft:spruce_slab":1,"minecraft:smithing_table":2,"minecraft:red_bed":4,"minecraft:blackstone":27,"minecraft:amethyst_cluster":1,"minecraft:crafting_table":12,"minecraft:torch":8,"minecraft:honey_block":101,"minecraft:calcite":1,"minecraft:melon":13,"minecraft:dead_bush":2,"minecraft:sculk_sensor":2,"minecraft:tall_grass":25,"minecraft:cobblestone":33,"minecraft:honeycomb_block":13,"minecraft:lapis_ore":1,"minecraft:green_stained_glass_pane":5,"minecraft:oak_planks":1,"minecraft:sculk":46,"minecraft:wall_torch":5,"minecraft:birch_log":13,"minecraft:lilac":1,"minecraft:birch_leaves":1,"minecraft:bee_nest":1,"minecraft:grass":139,"minecraft:oak_log":12,"minecraft:coal_ore":10,"minecraft:dirt":3,"minecraft:cracked_stone_bricks":1,"minecraft:stone_bricks":1,"minecraft:netherrack":22,"minecraft:oak_leaves":1,"minecraft:deepslate":75,"minecraft:fern":24},"minecraft:picked_up":{"minecraft:cocoa_beans":1,"minecraft:crafting_table":11,"minecraft:wheat":4,"minecraft:chicken":5,"minecraft:smithing_table":2,"minecraft:oak_stairs":1,"minecraft:gold_block":3,"minecraft:potion":1,"minecraft:shield":1,"minecraft:string":4,"minecraft:red_bed":4,"minecraft:moss_carpet":1,"minecraft:iron_axe":1,"minecraft:blackstone":23,"minecraft:cracked_stone_bricks":1,"minecraft:cobbled_deepslate":74,"minecraft:bucket":2,"minecraft:beef":36,"minecraft:poppy":1,"minecraft:melon_slice":58,"minecraft:birch_sapling":1,"minecraft:spruce_trapdoor":1,"duckling:raw_duck":4,"minecraft:furnace":15,"minecraft:stick":2,"minecraft:raw_iron":80,"minecraft:torch":18,"sophisticatedbackpacks:backpack":2,"minecraft:spruce_fence":2,"minecraft:porkchop":10,"minecraft:honeycomb_block":16,"minecraft:rotten_flesh":10,"minecraft:arrow":6,"minecraft:honey_bottle":3,"minecraft:nether_bricks":13,"minecraft:hay_block":12,"minecraft:blaze_rod":5,"minecraft:obsidian":1,"minecraft:mutton":4,"minecraft:glow_berries":24,"minecraft:white_wool":6,"minecraft:cobblestone":89,"minecraft:birch_log":13,"minecraft:feather":6,"minecraft:cooked_beef":8,"minecraft:salmon":3,"minecraft:glow_ink_sac":19,"minecraft:jungle_log":32,"minecraft:leather":18,"minecraft:oak_log":12,"minecraft:gunpowder":1,"minecraft:dirt":1,"minecraft:bone":7,"minecraft:stone_bricks":1,"minecraft:wheat_seeds":28,"minecraft:cooked_chicken":2,"minecraft:iron_ingot":11,"minecraft:glass_bottle":3,"minecraft:acacia_sapling":1,"minecraft:oak_planks":6,"minecraft:smooth_basalt":1,"minecraft:cooked_porkchop":5,"minecraft:pumpkin":2,"minecraft:sand":11,"minecraft:jungle_planks":12,"minecraft:amethyst_shard":4,"minecraft:spider_eye":1,"minecraft:diamond":24,"minecraft:honey_block":98,"minecraft:diamond_axe":1,"minecraft:netherrack":15,"minecraft:coal":31,"minecraft:ender_pearl":1},"minecraft:dropped":{"minecraft:golden_boots":2,"minecraft:iron_ingot":6,"minecraft:diamond_axe":1,"minecraft:wheat_seeds":24,"minecraft:glow_ink_sac":19,"minecraft:smithing_table":1,"minecraft:glass_bottle":4,"minecraft:ender_pearl":1,"minecraft:diamond":1,"minecraft:golden_horse_armor":1,"minecraft:cobblestone":1,"minecraft:glow_berries":14,"minecraft:leather":5,"minecraft:apple":3,"minecraft:jungle_planks":42,"minecraft:stick":9,"minecraft:red_bed":2,"minecraft:torch":3,"minecraft:wooden_axe":1,"minecraft:melon_slice":6,"minecraft:potion":1,"minecraft:oak_stairs":1,"minecraft:amethyst_shard":4,"minecraft:iron_axe":1,"minecraft:string":2,"minecraft:smooth_basalt":1,"minecraft:moss_carpet":1,"minecraft:blaze_rod":5,"minecraft:cocoa_beans":1,"minecraft:wheat":8,"minecraft:birch_sapling":1,"minecraft:chicken":1,"minecraft:rotten_flesh":9,"minecraft:honey_bottle":3,"minecraft:spruce_fence":2,"minecraft:gunpowder":1,"minecraft:honey_block":2,"minecraft:acacia_sapling":1,"minecraft:spider_eye":1,"minecraft:wooden_pickaxe":1,"minecraft:stone_pickaxe":1},"minecraft:used":{"duckling:cooked_duck":3,"minecraft:shield":7,"minecraft:netherrack":13,"minecraft:cooked_chicken":3,"minecraft:torch":18,"minecraft:spyglass":4,"minecraft:jungle_planks":27,"minecraft:nether_bricks":13,"minecraft:diamond_helmet":1,"minecraft:honey_bottle":2,"minecraft:wooden_axe":53,"minecraft:honey_block":1,"minecraft:lava_bucket":9,"minecraft:iron_axe":92,"minecraft:diamond_chestplate":1,"minecraft:furnace":21,"minecraft:gold_block":1,"minecraft:cooked_beef":2,"minecraft:cobbled_deepslate":39,"minecraft:cooked_mutton":4,"minecraft:water_bucket":2,"minecraft:birch_planks":52,"minecraft:stone_pickaxe":257,"minecraft:oak_planks":9,"minecraft:wooden_pickaxe":6,"minecraft:diamond_axe":112,"minecraft:golden_apple":1,"minecraft:glow_berries":10,"minecraft:crafting_table":12,"minecraft:red_bed":2,"minecraft:diamond_pickaxe":54,"minecraft:apple":5,"minecraft:bread":11,"minecraft:melon_slice":52,"minecraft:iron_pickaxe":140,"minecraft:stone_axe":239,"minecraft:cobblestone":37,"minecraft:cooked_porkchop":13,"minecraft:smithing_table":1,"minecraft:bucket":11},"minecraft:killed":{"minecraft:cave_spider":3,"minecraft:zombified_piglin":1,"minecraft:spider":3,"minecraft:skeleton":7,"minecraft:bee":1,"minecraft:chicken":3,"minecraft:wolf":1,"minecraft:parrot":1,"minecraft:pig":4,"duckling:duck":3,"minecraft:salmon":3,"minecraft:iron_golem":1,"minecraft:wandering_trader":1,"minecraft:sheep":3,"minecraft:trader_llama":1,"minecraft:zombie":14,"minecraft:player":6,"minecraft:blaze":8,"minecraft:cow":10},"minecraft:crafted":{"minecraft:oak_planks":48,"minecraft:cooked_chicken":1,"minecraft:furnace":6,"minecraft:cooked_mutton":4,"minecraft:diamond_helmet":1,"minecraft:iron_boots":1,"minecraft:iron_axe":1,"minecraft:stone_pickaxe":2,"minecraft:diamond_boots":1,"minecraft:golden_boots":3,"minecraft:wheat":108,"minecraft:cooked_beef":10,"minecraft:cooked_porkchop":8,"minecraft:diamond_axe":1,"minecraft:crafting_table":2,"minecraft:wooden_pickaxe":1,"duckling:cooked_duck":3,"minecraft:birch_planks":52,"minecraft:stone_axe":3,"minecraft:bread":36,"minecraft:air":0,"minecraft:jungle_planks":128,"minecraft:diamond_pickaxe":1,"minecraft:stick":36,"minecraft:iron_ingot":15,"minecraft:iron_pickaxe":1,"minecraft:wooden_axe":1,"minecraft:gold_ingot":18,"minecraft:iron_leggings":1,"minecraft:torch":4,"minecraft:diamond_chestplate":1}},"DataVersion":3465}