{"stats":{"minecraft:killed_by":{"minecraft:player":5},"minecraft:custom":{"minecraft:time_since_rest":11504,"minecraft:sprint_one_cm":43909,"minecraft:damage_taken":2255,"minecraft:walk_one_cm":59270,"minecraft:mob_kills":8,"minecraft:drop":2,"minecraft:damage_dealt":1663,"minecraft:interact_with_crafting_table":4,"minecraft:player_kills":4,"minecraft:swim_one_cm":10824,"minecraft:fly_one_cm":77243,"minecraft:talked_to_villager":1,"minecraft:open_chest":1,"minecraft:crouch_one_cm":13912,"minecraft:play_time":31581,"minecraft:sneak_time":4788,"minecraft:deaths":6,"minecraft:walk_under_water_one_cm":6539,"minecraft:jump":670,"minecraft:leave_game":3,"minecraft:time_since_death":11479,"minecraft:walk_on_water_one_cm":12734,"minecraft:total_world_time":31581,"minecraft:climb_one_cm":5079,"minecraft:fall_one_cm":34832},"minecraft:mined":{"minecraft:sculk_catalyst":1,"minecraft:blackstone":3,"minecraft:fire":1,"minecraft:jungle_leaves":1,"minecraft:cave_vines_plant":11,"minecraft:crafting_table":4,"minecraft:grass":92,"minecraft:sculk_shrieker":1,"minecraft:coal_ore":2,"minecraft:cave_vines":23,"minecraft:melon":13,"minecraft:deepslate_iron_ore":5,"minecraft:vine":7,"minecraft:jungle_log":32,"minecraft:oak_stairs":1,"minecraft:dead_bush":1,"minecraft:sculk_sensor":1,"minecraft:dirt":1,"minecraft:tall_grass":3,"minecraft:stone":19,"minecraft:moss_block":1,"minecraft:sculk":1,"minecraft:oak_leaves":1,"minecraft:wall_torch":1,"minecraft:fern":22},"minecraft:dropped":{"minecraft:cocoa_beans":1,"minecraft:glow_berries":1},"minecraft:picked_up":{"minecraft:crafting_table":4,"minecraft:cocoa_beans":1,"minecraft:stick":2,"minecraft:raw_iron":4,"minecraft:feather":1,"minecraft:glow_ink_sac":8,"minecraft:jungle_log":32,"minecraft:salmon":3,"minecraft:torch":2,"minecraft:dirt":1,"minecraft:blackstone":3,"minecraft:rotten_flesh":2,"minecraft:wheat_seeds":14,"minecraft:melon_slice":56,"minecraft:glow_berries":19,"minecraft:cobblestone":18,"minecraft:acacia_sapling":1,"minecraft:coal":2,"duckling:raw_duck":3},"minecraft:used":{"minecraft:wooden_axe":53,"minecraft:melon_slice":26,"minecraft:stone_pickaxe":30,"minecraft:wooden_pickaxe":6,"minecraft:cobblestone":11,"minecraft:glow_berries":3,"minecraft:torch":1,"minecraft:stone_axe":47,"minecraft:crafting_table":4,"minecraft:jungle_planks":9},"minecraft:killed":{"minecraft:zombie":2,"duckling:duck":3,"minecraft:salmon":3,"minecraft:player":3},"minecraft:crafted":{"minecraft:crafting_table":1,"minecraft:stick":8,"minecraft:wooden_pickaxe":1,"minecraft:stone_pickaxe":1,"minecraft:wooden_axe":1,"minecraft:stone_axe":1,"minecraft:jungle_planks":128}},"DataVersion":3465}