{"stats":{"minecraft:custom":{"minecraft:jump":19,"minecraft:time_since_rest":3067,"minecraft:damage_dealt":30,"minecraft:crouch_one_cm":135,"minecraft:sprint_one_cm":614,"minecraft:play_time":3067,"minecraft:damage_taken":100,"minecraft:time_since_death":3067,"minecraft:walk_one_cm":3583,"minecraft:sneak_time":27,"minecraft:climb_one_cm":562,"minecraft:total_world_time":3067,"minecraft:fall_one_cm":1916,"minecraft:fly_one_cm":375},"minecraft:mined":{"minecraft:grass":1,"minecraft:oak_leaves":1,"minecraft:fern":1},"minecraft:picked_up":{"minecraft:stick":2}},"DataVersion":3465}