{"stats":{"minecraft:killed_by":{"minecraft:player":9},"minecraft:custom":{"minecraft:interact_with_furnace":30,"minecraft:mob_kills":50,"minecraft:interact_with_crafting_table":12,"minecraft:open_barrel":1,"minecraft:leave_game":5,"minecraft:time_since_death":13379,"minecraft:climb_one_cm":6006,"minecraft:time_since_rest":13404,"minecraft:sprint_one_cm":140745,"minecraft:damage_taken":4387,"minecraft:walk_one_cm":169346,"minecraft:drop":26,"minecraft:damage_dealt":8056,"minecraft:swim_one_cm":17779,"minecraft:talked_to_villager":2,"minecraft:fly_one_cm":287692,"minecraft:player_kills":7,"minecraft:open_chest":1,"minecraft:crouch_one_cm":34126,"minecraft:play_time":80194,"minecraft:deaths":12,"minecraft:sneak_time":9886,"minecraft:walk_under_water_one_cm":7893,"minecraft:boat_one_cm":24,"minecraft:jump":1942,"minecraft:walk_on_water_one_cm":22950,"minecraft:total_world_time":80194,"minecraft:horse_one_cm":5880,"minecraft:fall_one_cm":76218},"minecraft:mined":{"minecraft:blackstone":6,"minecraft:sculk_vein":2,"minecraft:jungle_leaves":1,"minecraft:crafting_table":7,"minecraft:torch":2,"minecraft:cave_vines_plant":13,"minecraft:honey_block":100,"minecraft:melon":13,"minecraft:jungle_planks":2,"minecraft:jungle_log":32,"minecraft:dead_bush":2,"minecraft:sculk_sensor":2,"minecraft:tall_grass":14,"minecraft:cobblestone":24,"minecraft:honeycomb_block":13,"minecraft:moss_block":1,"minecraft:sculk":46,"minecraft:wall_torch":1,"minecraft:large_fern":1,"minecraft:sculk_catalyst":1,"minecraft:furnace":2,"minecraft:birch_log":13,"minecraft:iron_ore":7,"minecraft:fire":1,"minecraft:lilac":1,"minecraft:birch_leaves":1,"minecraft:moss_carpet":1,"minecraft:pumpkin":2,"minecraft:bee_nest":1,"minecraft:grass":131,"minecraft:sculk_shrieker":2,"minecraft:oak_log":10,"minecraft:coal_ore":10,"minecraft:cave_vines":31,"minecraft:deepslate_iron_ore":28,"minecraft:vine":7,"minecraft:oak_stairs":1,"minecraft:dirt":1,"minecraft:stone":62,"minecraft:oak_leaves":1,"minecraft:deepslate":35,"minecraft:fern":24},"minecraft:broken":{"minecraft:stone_pickaxe":1,"minecraft:stone_axe":3},"minecraft:dropped":{"minecraft:moss_carpet":1,"minecraft:cocoa_beans":1,"minecraft:ender_pearl":1,"minecraft:diamond":1,"minecraft:birch_sapling":1,"minecraft:cobblestone":1,"minecraft:glow_berries":14,"minecraft:leather":2,"minecraft:jungle_planks":41,"minecraft:honey_bottle":3,"minecraft:gunpowder":1,"minecraft:honey_block":1,"minecraft:melon_slice":6,"minecraft:acacia_sapling":1,"minecraft:potion":1,"minecraft:spider_eye":1,"minecraft:string":2},"minecraft:picked_up":{"minecraft:birch_log":13,"minecraft:cocoa_beans":1,"minecraft:crafting_table":6,"minecraft:feather":6,"minecraft:chicken":3,"minecraft:glow_ink_sac":19,"minecraft:jungle_log":32,"minecraft:salmon":3,"minecraft:leather":15,"minecraft:potion":1,"minecraft:oak_log":10,"minecraft:shield":1,"minecraft:gunpowder":1,"minecraft:moss_carpet":1,"minecraft:string":2,"minecraft:dirt":1,"minecraft:bone":6,"minecraft:blackstone":6,"minecraft:wheat_seeds":20,"minecraft:cobbled_deepslate":34,"minecraft:beef":19,"minecraft:glass_bottle":1,"minecraft:melon_slice":58,"minecraft:birch_sapling":1,"minecraft:acacia_sapling":1,"duckling:raw_duck":4,"minecraft:furnace":1,"minecraft:raw_iron":32,"minecraft:stick":2,"minecraft:smooth_basalt":1,"minecraft:pumpkin":2,"minecraft:torch":4,"minecraft:porkchop":7,"minecraft:jungle_planks":2,"minecraft:sand":11,"minecraft:honeycomb_block":16,"minecraft:spider_eye":1,"minecraft:honey_bottle":3,"minecraft:rotten_flesh":8,"minecraft:arrow":6,"minecraft:diamond":1,"minecraft:honey_block":97,"minecraft:glow_berries":24,"minecraft:mutton":4,"minecraft:coal":21,"minecraft:white_wool":6,"minecraft:cobblestone":82,"minecraft:ender_pearl":1},"minecraft:used":{"minecraft:cooked_mutton":4,"minecraft:stone_pickaxe":250,"duckling:cooked_duck":3,"minecraft:wooden_pickaxe":6,"minecraft:torch":4,"minecraft:glow_berries":10,"minecraft:crafting_table":8,"minecraft:jungle_planks":9,"minecraft:wooden_axe":53,"minecraft:melon_slice":52,"minecraft:stone_axe":239,"minecraft:cobblestone":37,"minecraft:furnace":3,"minecraft:cooked_porkchop":1,"minecraft:cobbled_deepslate":13},"minecraft:killed":{"minecraft:wolf":1,"minecraft:parrot":1,"minecraft:pig":4,"duckling:duck":3,"minecraft:salmon":3,"minecraft:spider":1,"minecraft:wandering_trader":1,"minecraft:sheep":3,"minecraft:skeleton":6,"minecraft:trader_llama":1,"minecraft:bee":1,"minecraft:zombie":12,"minecraft:chicken":3,"minecraft:player":6,"minecraft:cow":10},"minecraft:crafted":{"minecraft:cooked_porkchop":5,"minecraft:crafting_table":2,"minecraft:wooden_pickaxe":1,"duckling:cooked_duck":3,"minecraft:furnace":2,"minecraft:stone_axe":3,"minecraft:cooked_mutton":4,"minecraft:air":0,"minecraft:jungle_planks":128,"minecraft:stick":28,"minecraft:iron_ingot":2,"minecraft:stone_pickaxe":2,"minecraft:wooden_axe":1}},"DataVersion":3465}