{"stats":{"minecraft:killed_by":{"minecraft:player":2},"minecraft:custom":{"minecraft:time_since_rest":4247,"minecraft:sprint_one_cm":19713,"minecraft:damage_taken":1006,"minecraft:walk_one_cm":25588,"minecraft:mob_kills":1,"minecraft:damage_dealt":297,"minecraft:interact_with_crafting_table":2,"minecraft:swim_one_cm":1915,"minecraft:talked_to_villager":1,"minecraft:fly_one_cm":36341,"minecraft:crouch_one_cm":930,"minecraft:play_time":15024,"minecraft:deaths":2,"minecraft:sneak_time":623,"minecraft:walk_under_water_one_cm":1329,"minecraft:jump":316,"minecraft:leave_game":1,"minecraft:walk_on_water_one_cm":3518,"minecraft:time_since_death":4223,"minecraft:climb_one_cm":3269,"minecraft:total_world_time":15024,"minecraft:fall_one_cm":16851},"minecraft:mined":{"minecraft:jungle_leaves":1,"minecraft:crafting_table":2,"minecraft:grass":6,"minecraft:melon":12,"minecraft:vine":7,"minecraft:jungle_log":32,"minecraft:oak_stairs":1,"minecraft:dead_bush":1,"minecraft:tall_grass":3,"minecraft:stone":7,"minecraft:oak_leaves":1,"minecraft:fern":1},"minecraft:picked_up":{"minecraft:cocoa_beans":1,"minecraft:stick":2,"minecraft:crafting_table":2,"minecraft:jungle_log":32,"minecraft:melon_slice":50,"minecraft:cobblestone":7,"minecraft:acacia_sapling":1,"duckling:raw_duck":1},"minecraft:used":{"minecraft:wooden_axe":53,"minecraft:melon_slice":9,"minecraft:stone_pickaxe":1,"minecraft:wooden_pickaxe":6,"minecraft:stone_axe":1,"minecraft:crafting_table":2},"minecraft:killed":{"duckling:duck":1},"minecraft:crafted":{"minecraft:crafting_table":1,"minecraft:stick":8,"minecraft:wooden_pickaxe":1,"minecraft:stone_pickaxe":1,"minecraft:wooden_axe":1,"minecraft:stone_axe":1,"minecraft:jungle_planks":128}},"DataVersion":3465}