{"stats":{"minecraft:killed_by":{"minecraft:player":9,"minecraft:creeper":1},"minecraft:custom":{"minecraft:mob_kills":55,"minecraft:interact_with_crafting_table":19,"minecraft:open_barrel":1,"minecraft:leave_game":8,"minecraft:time_since_death":12313,"minecraft:climb_one_cm":6146,"minecraft:sprint_one_cm":267065,"minecraft:walk_one_cm":253282,"minecraft:drop":49,"minecraft:talked_to_villager":4,"minecraft:play_time":114192,"minecraft:sneak_time":10442,"minecraft:deaths":14,"minecraft:walk_under_water_one_cm":8884,"minecraft:boat_one_cm":24,"minecraft:jump":2791,"minecraft:walk_on_water_one_cm":29691,"minecraft:total_world_time":114192,"minecraft:interact_with_furnace":53,"minecraft:time_since_rest":12362,"minecraft:damage_taken":5607,"minecraft:damage_dealt":9044,"minecraft:player_kills":7,"minecraft:swim_one_cm":19416,"minecraft:fly_one_cm":443495,"minecraft:open_chest":36,"minecraft:crouch_one_cm":35458,"minecraft:fall_one_cm":105197,"minecraft:horse_one_cm":5880},"minecraft:broken":{"minecraft:stone_pickaxe":1,"minecraft:stone_axe":3},"minecraft:mined":{"minecraft:mossy_cobblestone":1,"minecraft:deepslate_diamond_ore":15,"minecraft:sculk_vein":2,"minecraft:jungle_leaves":1,"minecraft:gray_stained_glass_pane":2,"minecraft:cave_vines_plant":13,"minecraft:spruce_trapdoor":1,"minecraft:budding_amethyst":1,"minecraft:spruce_fence":2,"minecraft:jungle_planks":2,"minecraft:jungle_log":32,"minecraft:moss_block":1,"minecraft:spawner":1,"minecraft:red_stained_glass_pane":2,"minecraft:large_fern":1,"minecraft:hay_block":12,"minecraft:sculk_catalyst":1,"minecraft:furnace":13,"minecraft:iron_ore":18,"minecraft:fire":4,"minecraft:pumpkin":2,"minecraft:moss_carpet":1,"minecraft:gold_block":2,"minecraft:sculk_shrieker":2,"minecraft:cave_vines":31,"minecraft:deepslate_iron_ore":28,"minecraft:vine":7,"minecraft:oak_stairs":2,"minecraft:stone":72,"minecraft:spruce_slab":1,"minecraft:smithing_table":2,"minecraft:red_bed":4,"minecraft:blackstone":9,"minecraft:amethyst_cluster":1,"minecraft:crafting_table":10,"minecraft:torch":2,"minecraft:honey_block":100,"minecraft:calcite":1,"minecraft:melon":13,"minecraft:dead_bush":2,"minecraft:sculk_sensor":2,"minecraft:tall_grass":15,"minecraft:cobblestone":27,"minecraft:honeycomb_block":13,"minecraft:lapis_ore":1,"minecraft:green_stained_glass_pane":5,"minecraft:sculk":46,"minecraft:wall_torch":2,"minecraft:birch_log":13,"minecraft:lilac":1,"minecraft:birch_leaves":1,"minecraft:bee_nest":1,"minecraft:grass":133,"minecraft:oak_log":10,"minecraft:coal_ore":10,"minecraft:dirt":3,"minecraft:cracked_stone_bricks":1,"minecraft:stone_bricks":1,"minecraft:oak_leaves":1,"minecraft:deepslate":35,"minecraft:fern":24},"minecraft:dropped":{"minecraft:iron_ingot":1,"minecraft:wheat_seeds":21,"minecraft:glow_ink_sac":19,"minecraft:glass_bottle":4,"minecraft:ender_pearl":1,"minecraft:diamond":1,"minecraft:cobblestone":1,"minecraft:glow_berries":14,"minecraft:leather":2,"minecraft:jungle_planks":42,"minecraft:stick":9,"minecraft:red_bed":2,"minecraft:torch":3,"minecraft:wooden_axe":1,"minecraft:melon_slice":6,"minecraft:potion":1,"minecraft:oak_stairs":1,"minecraft:amethyst_shard":4,"minecraft:iron_axe":1,"minecraft:string":2,"minecraft:smooth_basalt":1,"minecraft:moss_carpet":1,"minecraft:cocoa_beans":1,"minecraft:birch_sapling":1,"minecraft:chicken":1,"minecraft:rotten_flesh":9,"minecraft:honey_bottle":3,"minecraft:spruce_fence":2,"minecraft:gunpowder":1,"minecraft:honey_block":1,"minecraft:acacia_sapling":1,"minecraft:spider_eye":1,"minecraft:wooden_pickaxe":1,"minecraft:stone_pickaxe":1},"minecraft:picked_up":{"minecraft:cocoa_beans":1,"minecraft:crafting_table":9,"minecraft:chicken":5,"minecraft:smithing_table":2,"minecraft:oak_stairs":1,"minecraft:gold_block":2,"minecraft:potion":1,"minecraft:shield":1,"minecraft:string":2,"minecraft:red_bed":4,"minecraft:moss_carpet":1,"minecraft:iron_axe":1,"minecraft:blackstone":6,"minecraft:cracked_stone_bricks":1,"minecraft:cobbled_deepslate":34,"minecraft:beef":36,"minecraft:melon_slice":58,"minecraft:birch_sapling":1,"minecraft:spruce_trapdoor":1,"duckling:raw_duck":4,"minecraft:furnace":12,"minecraft:stick":2,"minecraft:raw_iron":80,"minecraft:torch":9,"minecraft:spruce_fence":2,"minecraft:porkchop":10,"minecraft:honeycomb_block":16,"minecraft:rotten_flesh":9,"minecraft:arrow":6,"minecraft:honey_bottle":3,"minecraft:hay_block":12,"minecraft:mutton":4,"minecraft:glow_berries":24,"minecraft:white_wool":6,"minecraft:cobblestone":82,"minecraft:birch_log":13,"minecraft:feather":6,"minecraft:cooked_beef":8,"minecraft:salmon":3,"minecraft:glow_ink_sac":19,"minecraft:jungle_log":32,"minecraft:leather":15,"minecraft:oak_log":10,"minecraft:gunpowder":1,"minecraft:dirt":1,"minecraft:bone":6,"minecraft:stone_bricks":1,"minecraft:wheat_seeds":21,"minecraft:cooked_chicken":2,"minecraft:iron_ingot":6,"minecraft:glass_bottle":3,"minecraft:acacia_sapling":1,"minecraft:oak_planks":5,"minecraft:smooth_basalt":1,"minecraft:cooked_porkchop":5,"minecraft:pumpkin":2,"minecraft:sand":11,"minecraft:jungle_planks":12,"minecraft:amethyst_shard":4,"minecraft:spider_eye":1,"minecraft:diamond":16,"minecraft:honey_block":97,"minecraft:coal":31,"minecraft:ender_pearl":1},"minecraft:used":{"duckling:cooked_duck":3,"minecraft:cooked_chicken":3,"minecraft:torch":6,"minecraft:jungle_planks":27,"minecraft:honey_bottle":2,"minecraft:wooden_axe":53,"minecraft:iron_axe":50,"minecraft:furnace":10,"minecraft:cobbled_deepslate":13,"minecraft:cooked_mutton":4,"minecraft:birch_planks":22,"minecraft:stone_pickaxe":257,"minecraft:wooden_pickaxe":6,"minecraft:glow_berries":10,"minecraft:crafting_table":9,"minecraft:red_bed":1,"minecraft:melon_slice":52,"minecraft:iron_pickaxe":68,"minecraft:stone_axe":239,"minecraft:cobblestone":37,"minecraft:cooked_porkchop":11,"minecraft:smithing_table":1},"minecraft:killed":{"minecraft:cave_spider":2,"minecraft:spider":2,"minecraft:skeleton":6,"minecraft:bee":1,"minecraft:chicken":3,"minecraft:wolf":1,"minecraft:parrot":1,"minecraft:pig":4,"duckling:duck":3,"minecraft:salmon":3,"minecraft:wandering_trader":1,"minecraft:sheep":3,"minecraft:trader_llama":1,"minecraft:zombie":14,"minecraft:player":6,"minecraft:cow":10},"minecraft:crafted":{"minecraft:oak_planks":40,"minecraft:cooked_chicken":1,"minecraft:furnace":5,"minecraft:cooked_mutton":4,"minecraft:iron_boots":1,"minecraft:iron_axe":1,"minecraft:stone_pickaxe":2,"minecraft:cooked_beef":10,"minecraft:cooked_porkchop":8,"minecraft:crafting_table":2,"minecraft:wooden_pickaxe":1,"duckling:cooked_duck":3,"minecraft:birch_planks":52,"minecraft:stone_axe":3,"minecraft:air":0,"minecraft:jungle_planks":128,"minecraft:stick":28,"minecraft:iron_ingot":15,"minecraft:iron_pickaxe":1,"minecraft:wooden_axe":1,"minecraft:iron_leggings":1,"minecraft:torch":4}},"DataVersion":3465}