{"stats":{"minecraft:killed_by":{"minecraft:player":5},"minecraft:custom":{"minecraft:mob_kills":10,"minecraft:interact_with_crafting_table":4,"minecraft:leave_game":3,"minecraft:time_since_death":18858,"minecraft:climb_one_cm":5079,"minecraft:time_since_rest":18883,"minecraft:sprint_one_cm":61657,"minecraft:damage_taken":2355,"minecraft:walk_one_cm":76645,"minecraft:drop":3,"minecraft:damage_dealt":1946,"minecraft:swim_one_cm":10824,"minecraft:talked_to_villager":1,"minecraft:fly_one_cm":93839,"minecraft:player_kills":4,"minecraft:open_chest":1,"minecraft:crouch_one_cm":23987,"minecraft:play_time":38960,"minecraft:deaths":6,"minecraft:sneak_time":6951,"minecraft:walk_under_water_one_cm":6539,"minecraft:jump":844,"minecraft:walk_on_water_one_cm":16281,"minecraft:total_world_time":38960,"minecraft:fall_one_cm":41170},"minecraft:mined":{"minecraft:blackstone":4,"minecraft:sculk_vein":2,"minecraft:jungle_leaves":1,"minecraft:crafting_table":5,"minecraft:torch":1,"minecraft:cave_vines_plant":11,"minecraft:melon":13,"minecraft:jungle_log":32,"minecraft:dead_bush":1,"minecraft:sculk_sensor":2,"minecraft:tall_grass":3,"minecraft:moss_block":1,"minecraft:sculk":11,"minecraft:wall_torch":1,"minecraft:sculk_catalyst":1,"minecraft:furnace":1,"minecraft:iron_ore":7,"minecraft:fire":1,"minecraft:grass":92,"minecraft:sculk_shrieker":1,"minecraft:coal_ore":10,"minecraft:cave_vines":23,"minecraft:vine":7,"minecraft:deepslate_iron_ore":16,"minecraft:oak_stairs":1,"minecraft:dirt":1,"minecraft:stone":31,"minecraft:oak_leaves":1,"minecraft:deepslate":2,"minecraft:fern":22},"minecraft:dropped":{"minecraft:cocoa_beans":1,"minecraft:glow_berries":1,"minecraft:jungle_planks":41},"minecraft:picked_up":{"minecraft:cocoa_beans":1,"minecraft:crafting_table":4,"minecraft:feather":1,"minecraft:glow_ink_sac":8,"minecraft:salmon":3,"minecraft:jungle_log":32,"minecraft:shield":1,"minecraft:dirt":1,"minecraft:blackstone":4,"minecraft:wheat_seeds":14,"minecraft:cobbled_deepslate":2,"minecraft:melon_slice":56,"minecraft:acacia_sapling":1,"duckling:raw_duck":3,"minecraft:stick":2,"minecraft:raw_iron":20,"minecraft:torch":3,"minecraft:rotten_flesh":4,"minecraft:glow_berries":19,"minecraft:coal":10,"minecraft:cobblestone":30},"minecraft:used":{"minecraft:stone_pickaxe":82,"minecraft:wooden_pickaxe":6,"minecraft:torch":2,"minecraft:glow_berries":3,"minecraft:crafting_table":4,"minecraft:jungle_planks":9,"minecraft:wooden_axe":53,"minecraft:melon_slice":33,"minecraft:stone_axe":58,"minecraft:cobblestone":11},"minecraft:killed":{"duckling:duck":3,"minecraft:salmon":3,"minecraft:zombie":4,"minecraft:player":3},"minecraft:crafted":{"minecraft:crafting_table":1,"minecraft:wooden_pickaxe":1,"minecraft:stone_axe":1,"minecraft:jungle_planks":128,"minecraft:stick":8,"minecraft:stone_pickaxe":1,"minecraft:wooden_axe":1}},"DataVersion":3465}