{"stats":{"minecraft:killed_by":{"minecraft:creeper":1,"minecraft:piglin":1,"minecraft:player":17},"minecraft:custom":{"minecraft:interact_with_crafting_table":48,"minecraft:open_barrel":1,"minecraft:leave_game":9,"minecraft:time_since_death":6401,"minecraft:sprint_one_cm":635579,"minecraft:damage_blocked_by_shield":555,"minecraft:drop":250,"minecraft:talked_to_villager":4,"minecraft:play_time":246536,"minecraft:deaths":41,"minecraft:jump":5380,"minecraft:walk_on_water_one_cm":37835,"minecraft:enchant_item":13,"minecraft:interact_with_furnace":72,"minecraft:damage_dealt":18446,"minecraft:player_kills":11,"minecraft:crouch_one_cm":46727,"minecraft:horse_one_cm":80711,"minecraft:mob_kills":96,"minecraft:climb_one_cm":7207,"minecraft:walk_one_cm":599292,"minecraft:sneak_time":14751,"minecraft:walk_under_water_one_cm":11358,"minecraft:boat_one_cm":24,"minecraft:total_world_time":246536,"minecraft:time_since_rest":6431,"minecraft:damage_taken":13335,"minecraft:damage_absorbed":161,"minecraft:swim_one_cm":19993,"minecraft:fly_one_cm":1174946,"minecraft:open_chest":107,"minecraft:fall_one_cm":209658},"minecraft:broken":{"minecraft:stone_pickaxe":1,"minecraft:stone_axe":3},"minecraft:mined":{"minecraft:sculk_vein":2,"minecraft:jungle_leaves":1,"minecraft:obsidian":1,"minecraft:spruce_trapdoor":1,"minecraft:cave_vines_plant":13,"minecraft:budding_amethyst":1,"minecraft:jungle_log":32,"minecraft:cracked_polished_blackstone_bricks":10,"minecraft:red_stained_glass_pane":2,"minecraft:spawner":2,"minecraft:polished_blackstone_bricks":5,"minecraft:sculk_catalyst":1,"minecraft:iron_ore":18,"minecraft:fire":23,"minecraft:moss_carpet":1,"minecraft:pumpkin":2,"minecraft:deepslate_lapis_ore":1,"minecraft:enchanting_table":4,"minecraft:sculk_shrieker":2,"minecraft:cave_vines":31,"minecraft:oak_stairs":2,"minecraft:spruce_slab":1,"minecraft:deepslate_redstone_ore":2,"minecraft:red_bed":4,"minecraft:blackstone":65,"minecraft:amethyst_cluster":1,"minecraft:torch":12,"minecraft:melon":13,"minecraft:calcite":1,"minecraft:dead_bush":2,"minecraft:glass":1,"minecraft:cobblestone":33,"minecraft:honeycomb_block":13,"minecraft:oak_planks":23,"minecraft:wall_torch":15,"minecraft:birch_log":13,"minecraft:lilac":1,"minecraft:grass":139,"minecraft:oak_log":12,"minecraft:oak_fence_gate":1,"minecraft:dirt":3,"minecraft:netherrack":22,"minecraft:oak_leaves":1,"minecraft:deepslate":75,"minecraft:tuff":5,"minecraft:mossy_cobblestone":1,"minecraft:deepslate_diamond_ore":53,"minecraft:gray_stained_glass_pane":2,"minecraft:nether_bricks":13,"minecraft:spruce_fence":2,"minecraft:jungle_planks":2,"minecraft:moss_block":1,"minecraft:large_fern":1,"minecraft:hay_block":12,"minecraft:furnace":16,"minecraft:gold_block":9,"minecraft:bookshelf":102,"minecraft:deepslate_iron_ore":29,"minecraft:vine":7,"minecraft:stone":72,"minecraft:smithing_table":2,"minecraft:basalt":5,"minecraft:oak_fence":1,"minecraft:crafting_table":12,"minecraft:honey_block":104,"minecraft:sculk_sensor":2,"minecraft:tall_grass":25,"minecraft:lapis_ore":1,"minecraft:deepslate_gold_ore":3,"minecraft:green_stained_glass_pane":5,"minecraft:sculk":46,"minecraft:birch_leaves":1,"minecraft:bee_nest":1,"minecraft:coal_ore":10,"minecraft:cracked_stone_bricks":1,"minecraft:stone_bricks":1,"minecraft:fern":24},"minecraft:dropped":{"minecraft:diamond_axe":1,"minecraft:lapis_lazuli":99,"minecraft:glow_ink_sac":19,"minecraft:ender_pearl":1,"minecraft:glass_bottle":4,"minecraft:diamond":20,"minecraft:crafting_table":1,"minecraft:glow_berries":14,"minecraft:leather":5,"minecraft:honeycomb":13,"minecraft:jungle_planks":42,"minecraft:red_bed":2,"minecraft:amethyst_shard":4,"minecraft:gold_ingot":109,"minecraft:gravel":10,"minecraft:blackstone":1,"minecraft:nether_brick":5,"minecraft:birch_sapling":1,"minecraft:wheat":8,"minecraft:obsidian":2,"minecraft:rotten_flesh":11,"minecraft:oak_planks":2,"minecraft:honey_bottle":3,"sophisticatedbackpacks:diamond_backpack":1,"minecraft:gunpowder":1,"minecraft:honey_block":33,"minecraft:acacia_sapling":1,"minecraft:arrow":3,"minecraft:quartz":3,"minecraft:enchanting_table":2,"minecraft:iron_ingot":12,"minecraft:golden_boots":3,"minecraft:wheat_seeds":24,"minecraft:smithing_table":1,"minecraft:golden_horse_armor":1,"minecraft:diamond_leggings":1,"minecraft:cobblestone":1,"minecraft:apple":3,"minecraft:stick":9,"minecraft:torch":3,"minecraft:wooden_axe":1,"minecraft:melon_slice":6,"minecraft:potion":1,"minecraft:iron_leggings":2,"minecraft:oak_stairs":1,"minecraft:iron_axe":1,"minecraft:string":11,"minecraft:smooth_basalt":1,"minecraft:moss_carpet":1,"minecraft:blaze_rod":5,"minecraft:cocoa_beans":1,"minecraft:raw_iron":65,"minecraft:chicken":1,"sophisticatedbackpacks:backpack":2,"minecraft:spruce_fence":2,"minecraft:diamond_sword":6,"minecraft:golden_sword":1,"minecraft:spider_eye":1,"minecraft:stone_pickaxe":1,"minecraft:wooden_pickaxe":1,"minecraft:raw_gold":3},"minecraft:picked_up":{"minecraft:wheat":4,"minecraft:smithing_table":2,"minecraft:diamond_sword":5,"minecraft:oak_stairs":1,"minecraft:potion":1,"minecraft:nether_brick":5,"minecraft:golden_sword":1,"minecraft:string":14,"minecraft:iron_leggings":1,"minecraft:cobbled_deepslate":74,"minecraft:bucket":2,"minecraft:melon_slice":58,"minecraft:furnace":15,"minecraft:stick":2,"minecraft:oak_fence":1,"minecraft:torch":34,"minecraft:porkchop":10,"minecraft:honeycomb_block":16,"minecraft:honey_bottle":3,"minecraft:rotten_flesh":12,"minecraft:blaze_rod":5,"minecraft:obsidian":4,"minecraft:cobblestone":89,"minecraft:enchanting_table":7,"minecraft:birch_log":13,"minecraft:feather":6,"minecraft:cooked_beef":8,"minecraft:jungle_log":32,"minecraft:lapis_lazuli":126,"minecraft:dirt":1,"minecraft:bone":11,"minecraft:wheat_seeds":28,"minecraft:raw_gold":3,"minecraft:oak_planks":34,"minecraft:cooked_porkchop":5,"minecraft:jungle_planks":12,"minecraft:sand":11,"minecraft:spectral_arrow":18,"minecraft:diamond":54,"minecraft:cracked_polished_blackstone_bricks":10,"minecraft:crossbow":1,"minecraft:netherrack":15,"minecraft:cocoa_beans":1,"minecraft:crafting_table":12,"minecraft:splash_potion":1,"minecraft:chicken":5,"minecraft:gold_block":9,"minecraft:shield":1,"minecraft:red_bed":4,"minecraft:moss_carpet":1,"minecraft:iron_axe":1,"minecraft:blackstone":83,"minecraft:cracked_stone_bricks":1,"minecraft:beef":36,"minecraft:poppy":1,"minecraft:birch_sapling":1,"minecraft:spruce_trapdoor":1,"duckling:raw_duck":4,"minecraft:raw_iron":81,"minecraft:spruce_fence":2,"sophisticatedbackpacks:backpack":3,"minecraft:fire_charge":2,"minecraft:polished_blackstone_bricks":4,"minecraft:redstone":9,"minecraft:arrow":14,"minecraft:nether_bricks":13,"minecraft:hay_block":12,"minecraft:gold_ingot":51,"minecraft:glow_berries":24,"minecraft:mutton":4,"minecraft:white_wool":6,"minecraft:rail":3,"minecraft:basalt":5,"minecraft:glow_ink_sac":19,"minecraft:salmon":3,"minecraft:leather":18,"minecraft:oak_log":13,"minecraft:gunpowder":1,"minecraft:stone_bricks":1,"minecraft:iron_ingot":11,"minecraft:oak_fence_gate":1,"minecraft:cooked_chicken":2,"minecraft:glass_bottle":3,"minecraft:acacia_sapling":1,"minecraft:soul_sand":7,"sophisticatedbackpacks:diamond_backpack":2,"minecraft:book":305,"minecraft:smooth_basalt":1,"minecraft:pumpkin":2,"minecraft:gravel":46,"minecraft:amethyst_shard":4,"minecraft:crying_obsidian":6,"minecraft:spider_eye":2,"minecraft:honey_block":101,"minecraft:diamond_axe":1,"minecraft:coal":31,"minecraft:ender_pearl":5},"minecraft:used":{"duckling:cooked_duck":3,"minecraft:shield":13,"minecraft:jungle_planks":27,"minecraft:nether_bricks":13,"minecraft:honey_bottle":2,"minecraft:glass":7,"minecraft:honey_block":36,"minecraft:lava_bucket":9,"minecraft:furnace":21,"minecraft:gold_block":1,"minecraft:stone_pickaxe":257,"minecraft:oak_planks":64,"minecraft:blackstone":30,"minecraft:ender_pearl":2,"minecraft:wooden_pickaxe":6,"minecraft:diamond_axe":259,"minecraft:golden_apple":4,"minecraft:glow_berries":10,"minecraft:crossbow":30,"minecraft:crying_obsidian":2,"minecraft:melon_slice":52,"minecraft:bread":24,"minecraft:gravel":20,"minecraft:diamond_sword":129,"minecraft:smithing_table":2,"minecraft:oak_fence":1,"minecraft:enchanting_table":5,"minecraft:cooked_chicken":3,"minecraft:netherrack":15,"minecraft:torch":33,"minecraft:spyglass":23,"minecraft:diamond_helmet":1,"minecraft:oak_fence_gate":1,"minecraft:wooden_axe":53,"minecraft:bookshelf":7,"minecraft:iron_axe":92,"minecraft:diamond_chestplate":1,"minecraft:basalt":5,"minecraft:cooked_beef":5,"minecraft:cobbled_deepslate":45,"minecraft:cooked_mutton":8,"minecraft:water_bucket":9,"minecraft:birch_planks":52,"minecraft:cobblestone_slab":6,"minecraft:polished_blackstone_bricks":4,"minecraft:crafting_table":13,"minecraft:red_bed":2,"minecraft:oak_log":1,"minecraft:diamond_pickaxe":162,"minecraft:apple":5,"minecraft:cracked_polished_blackstone_bricks":10,"minecraft:iron_pickaxe":140,"minecraft:stone_axe":239,"minecraft:cobblestone":37,"minecraft:cooked_porkchop":14,"minecraft:bucket":18},"minecraft:killed":{"minecraft:cave_spider":3,"minecraft:zombified_piglin":1,"minecraft:spider":4,"minecraft:skeleton":9,"minecraft:bee":1,"minecraft:chicken":3,"minecraft:wolf":1,"minecraft:piglin":4,"minecraft:parrot":1,"minecraft:pig":4,"minecraft:salmon":3,"minecraft:iron_golem":1,"minecraft:ender_dragon":1,"minecraft:sheep":3,"minecraft:trader_llama":1,"minecraft:zombie":15,"minecraft:blaze":8,"minecraft:cow":10,"duckling:duck":3,"minecraft:wandering_trader":1,"minecraft:player":7,"minecraft:enderman":7},"minecraft:crafted":{"minecraft:oak_planks":48,"minecraft:cobblestone_slab":6,"minecraft:cooked_chicken":1,"minecraft:cooked_mutton":8,"minecraft:diamond_helmet":1,"minecraft:diamond_leggings":1,"minecraft:iron_boots":1,"minecraft:golden_boots":3,"minecraft:cooked_porkchop":15,"minecraft:crafting_table":3,"minecraft:diamond_axe":1,"minecraft:wooden_pickaxe":1,"minecraft:birch_planks":52,"minecraft:diamond_pickaxe":3,"minecraft:stick":48,"minecraft:iron_ingot":15,"minecraft:iron_pickaxe":1,"minecraft:gold_ingot":99,"minecraft:furnace":6,"minecraft:iron_axe":1,"minecraft:stone_pickaxe":2,"minecraft:diamond_boots":1,"minecraft:wheat":108,"minecraft:cooked_beef":13,"minecraft:diamond_sword":2,"duckling:cooked_duck":3,"minecraft:stone_axe":3,"minecraft:air":0,"minecraft:bread":36,"minecraft:jungle_planks":128,"minecraft:golden_apple":4,"minecraft:wooden_axe":1,"minecraft:iron_leggings":1,"minecraft:torch":4,"minecraft:diamond_chestplate":1}},"DataVersion":3465}