{"stats":{"minecraft:killed_by":{"minecraft:player":7},"minecraft:custom":{"minecraft:mob_kills":12,"minecraft:interact_with_crafting_table":4,"minecraft:leave_game":5,"minecraft:time_since_death":179,"minecraft:climb_one_cm":5354,"minecraft:time_since_rest":205,"minecraft:sprint_one_cm":78695,"minecraft:damage_taken":2972,"minecraft:walk_one_cm":99731,"minecraft:drop":4,"minecraft:damage_dealt":2393,"minecraft:swim_one_cm":10824,"minecraft:talked_to_villager":1,"minecraft:fly_one_cm":112248,"minecraft:player_kills":5,"minecraft:open_chest":1,"minecraft:crouch_one_cm":32926,"minecraft:play_time":50194,"minecraft:deaths":8,"minecraft:sneak_time":9664,"minecraft:walk_under_water_one_cm":7795,"minecraft:jump":998,"minecraft:walk_on_water_one_cm":18990,"minecraft:total_world_time":50194,"minecraft:fall_one_cm":47616},"minecraft:mined":{"minecraft:blackstone":4,"minecraft:sculk_vein":2,"minecraft:jungle_leaves":1,"minecraft:crafting_table":5,"minecraft:torch":2,"minecraft:cave_vines_plant":13,"minecraft:melon":13,"minecraft:jungle_log":32,"minecraft:dead_bush":1,"minecraft:sculk_sensor":2,"minecraft:tall_grass":6,"minecraft:moss_block":1,"minecraft:sculk":46,"minecraft:wall_torch":1,"minecraft:sculk_catalyst":1,"minecraft:furnace":1,"minecraft:iron_ore":7,"minecraft:fire":1,"minecraft:grass":93,"minecraft:sculk_shrieker":2,"minecraft:coal_ore":10,"minecraft:cave_vines":31,"minecraft:deepslate_iron_ore":16,"minecraft:vine":7,"minecraft:oak_stairs":1,"minecraft:dirt":1,"minecraft:stone":32,"minecraft:oak_leaves":1,"minecraft:deepslate":35,"minecraft:fern":22},"minecraft:broken":{"minecraft:stone_pickaxe":1},"minecraft:dropped":{"minecraft:cocoa_beans":1,"minecraft:diamond":1,"minecraft:glow_berries":1,"minecraft:jungle_planks":41},"minecraft:picked_up":{"minecraft:cocoa_beans":1,"minecraft:crafting_table":4,"minecraft:feather":1,"minecraft:glow_ink_sac":19,"minecraft:jungle_log":32,"minecraft:salmon":3,"minecraft:shield":1,"minecraft:dirt":1,"minecraft:bone":1,"minecraft:blackstone":4,"minecraft:wheat_seeds":15,"minecraft:cobbled_deepslate":34,"minecraft:melon_slice":56,"minecraft:acacia_sapling":1,"duckling:raw_duck":3,"minecraft:raw_iron":20,"minecraft:stick":2,"minecraft:torch":4,"minecraft:rotten_flesh":4,"minecraft:arrow":1,"minecraft:diamond":1,"minecraft:glow_berries":24,"minecraft:coal":11,"minecraft:cobblestone":31},"minecraft:used":{"minecraft:stone_pickaxe":128,"minecraft:wooden_pickaxe":6,"minecraft:torch":3,"minecraft:glow_berries":10,"minecraft:crafting_table":4,"minecraft:jungle_planks":9,"minecraft:wooden_axe":53,"minecraft:melon_slice":36,"minecraft:stone_axe":68,"minecraft:cobblestone":11,"minecraft:cobbled_deepslate":13},"minecraft:killed":{"minecraft:wolf":1,"duckling:duck":3,"minecraft:salmon":3,"minecraft:skeleton":1,"minecraft:zombie":4,"minecraft:player":4},"minecraft:crafted":{"minecraft:crafting_table":1,"minecraft:wooden_pickaxe":1,"minecraft:stone_axe":1,"minecraft:jungle_planks":128,"minecraft:stick":8,"minecraft:stone_pickaxe":1,"minecraft:wooden_axe":1}},"DataVersion":3465}