{"stats":{"minecraft:custom":{"minecraft:interact_with_crafting_table":55,"minecraft:open_barrel":4,"minecraft:eat_cake_slice":4,"minecraft:leave_game":3,"minecraft:time_since_death":1788,"minecraft:sprint_one_cm":615493,"minecraft:damage_blocked_by_shield":30,"minecraft:drop":64,"minecraft:talked_to_villager":3,"minecraft:play_time":247858,"minecraft:deaths":29,"minecraft:jump":5223,"minecraft:walk_on_water_one_cm":45656,"minecraft:interact_with_furnace":86,"minecraft:damage_dealt":13379,"minecraft:player_kills":10,"minecraft:crouch_one_cm":87328,"minecraft:horse_one_cm":540,"minecraft:interact_with_smithing_table":1,"minecraft:mob_kills":59,"minecraft:climb_one_cm":6286,"minecraft:walk_one_cm":797401,"minecraft:damage_dealt_absorbed":26,"minecraft:sneak_time":21321,"minecraft:walk_under_water_one_cm":15367,"minecraft:interact_with_blast_furnace":1,"minecraft:total_world_time":247858,"minecraft:time_since_rest":5104,"minecraft:damage_absorbed":103,"minecraft:damage_taken":10157,"minecraft:swim_one_cm":36850,"minecraft:fly_one_cm":1584463,"minecraft:open_chest":118,"minecraft:fall_one_cm":186711},"minecraft:killed_by":{"minecraft:ghast":1,"minecraft:zombie":1,"minecraft:player":8,"minecraft:enderman":1,"minecraft:ender_dragon":2},"minecraft:broken":{"minecraft:iron_shovel":1,"minecraft:stone_pickaxe":1,"minecraft:iron_sword":1,"minecraft:iron_pickaxe":1,"minecraft:iron_helmet":1},"minecraft:mined":{"minecraft:jungle_leaves":3,"minecraft:cave_vines_plant":1,"minecraft:grass_block":144,"minecraft:jungle_log":8,"minecraft:cracked_polished_blackstone_bricks":4,"minecraft:polished_blackstone_bricks":11,"minecraft:magma_block":1,"minecraft:cobbled_deepslate":2,"minecraft:iron_ore":46,"minecraft:fire":41,"minecraft:pumpkin":1,"minecraft:deepslate_lapis_ore":1,"minecraft:cave_vines":4,"minecraft:tripwire":1,"minecraft:deepslate_redstone_ore":4,"minecraft:red_bed":2,"minecraft:blackstone":10,"minecraft:clay":14,"minecraft:torch":2,"minecraft:poppy":2,"minecraft:melon":9,"minecraft:chest":2,"minecraft:glass":5,"minecraft:cobblestone":2,"minecraft:honeycomb_block":7,"minecraft:oak_planks":16,"minecraft:iron_door":3,"minecraft:wall_torch":2,"minecraft:birch_log":29,"minecraft:birch_door":3,"minecraft:grass":387,"minecraft:oak_log":202,"minecraft:oak_fence_gate":1,"minecraft:dirt":129,"minecraft:smooth_basalt":1,"minecraft:netherrack":52,"minecraft:oak_leaves":41,"minecraft:deepslate":19,"minecraft:nether_gold_ore":6,"minecraft:tuff":1,"minecraft:dark_oak_leaves":1,"minecraft:deepslate_diamond_ore":1,"minecraft:glow_lichen":3,"minecraft:nether_bricks":8,"minecraft:decorated_pot":1,"minecraft:jungle_planks":2,"minecraft:red_mushroom":1,"minecraft:moss_block":2,"minecraft:large_fern":2,"minecraft:spore_blossom":1,"minecraft:furnace":1,"minecraft:nether_sprouts":1,"minecraft:gold_block":1,"minecraft:vine":4,"minecraft:deepslate_iron_ore":14,"minecraft:lantern":6,"minecraft:warped_stem":20,"minecraft:stone":183,"minecraft:white_tulip":1,"minecraft:acacia_leaves":1,"minecraft:flowering_azalea":1,"minecraft:basalt":4,"minecraft:dandelion":2,"minecraft:oak_fence":1,"minecraft:crafting_table":3,"minecraft:honey_block":6,"minecraft:warped_roots":3,"minecraft:sculk_sensor":1,"minecraft:tall_grass":93,"minecraft:deepslate_coal_ore":2,"minecraft:lapis_ore":6,"minecraft:deepslate_gold_ore":4,"minecraft:green_stained_glass_pane":2,"minecraft:warped_wart_block":15,"minecraft:birch_leaves":8,"minecraft:coal_ore":36,"minecraft:cocoa":1,"minecraft:gravel":5,"minecraft:cracked_stone_bricks":1,"minecraft:stone_bricks":1,"minecraft:mossy_stone_bricks":1,"minecraft:gold_ore":8,"minecraft:fern":54},"minecraft:dropped":{"minecraft:moss_block":1,"minecraft:diamond_axe":1,"minecraft:glow_ink_sac":2,"minecraft:glass_bottle":1,"minecraft:glow_berries":7,"minecraft:warped_roots":6,"minecraft:leather":1,"minecraft:dirt":10,"minecraft:red_bed":1,"minecraft:gold_ingot":7,"minecraft:bone":2,"minecraft:gravel":2,"minecraft:blackstone":5,"friendsandfoes:exposed_lightning_rod":1,"minecraft:birch_sapling":1,"minecraft:obsidian":6,"minecraft:rotten_flesh":4,"minecraft:oak_planks":64,"minecraft:poppy":1,"minecraft:honey_block":1,"minecraft:birch_door":1,"minecraft:beef":30,"minecraft:warped_wart_block":6,"minecraft:iron_ingot":13,"minecraft:bread":11,"minecraft:wheat_seeds":21,"minecraft:feather":1,"minecraft:cobblestone":16,"minecraft:spectral_arrow":6,"minecraft:golden_apple":3,"minecraft:torch":1,"minecraft:flowering_azalea":2,"minecraft:iron_axe":1,"minecraft:iron_shovel":1,"minecraft:string":1,"minecraft:bucket":2,"minecraft:dandelion":1,"minecraft:redstone":16,"minecraft:warped_nylium":3,"minecraft:cocoa_beans":3,"minecraft:clay_ball":52,"sophisticatedbackpacks:backpack":1,"minecraft:spider_eye":1,"minecraft:stone_pickaxe":1},"minecraft:picked_up":{"minecraft:birch_door":3,"minecraft:lead":4,"minecraft:diamond_sword":1,"minecraft:string":9,"minecraft:diamond_leggings":1,"minecraft:gold_nugget":44,"minecraft:cobbled_deepslate":21,"minecraft:white_tulip":1,"minecraft:ender_eye":4,"minecraft:melon_slice":51,"minecraft:furnace":2,"minecraft:stick":2,"minecraft:oak_fence":3,"minecraft:torch":4,"minecraft:porkchop":3,"minecraft:rotten_flesh":4,"minecraft:blaze_rod":1,"minecraft:obsidian":11,"minecraft:blaze_powder":13,"minecraft:cobblestone":204,"minecraft:birch_log":28,"minecraft:feather":1,"minecraft:iron_door":3,"minecraft:jungle_log":8,"minecraft:potato":4,"minecraft:lapis_lazuli":88,"minecraft:dirt":294,"minecraft:lantern":6,"minecraft:bone":6,"minecraft:wheat_seeds":51,"minecraft:raw_gold":19,"minecraft:mossy_stone_bricks":1,"minecraft:diamond_helmet":1,"minecraft:moss_block":1,"minecraft:oak_planks":80,"minecraft:warped_wart_block":21,"friendsandfoes:exposed_lightning_rod":1,"minecraft:jungle_planks":11,"minecraft:sand":255,"minecraft:spectral_arrow":6,"minecraft:diamond":2,"minecraft:cracked_polished_blackstone_bricks":4,"minecraft:grass":2,"minecraft:golden_apple":6,"minecraft:emerald":2,"minecraft:bread":22,"minecraft:oak_sapling":2,"minecraft:netherrack":41,"minecraft:oak_leaves":24,"minecraft:cocoa_beans":3,"minecraft:crafting_table":3,"minecraft:splash_potion":2,"minecraft:clay_ball":156,"minecraft:wooden_pickaxe":1,"minecraft:gold_block":1,"minecraft:shield":1,"minecraft:red_bed":4,"minecraft:flint_and_steel":1,"minecraft:iron_shovel":1,"minecraft:blackstone":32,"minecraft:cracked_stone_bricks":1,"minecraft:beef":45,"minecraft:poppy":2,"minecraft:chest":2,"minecraft:birch_sapling":1,"duckling:raw_duck":3,"minecraft:egg":2,"minecraft:raw_iron":99,"sophisticatedbackpacks:backpack":2,"minecraft:fire_charge":3,"minecraft:polished_blackstone_bricks":11,"minecraft:carrot":4,"minecraft:redstone":48,"minecraft:diamond_chestplate":2,"minecraft:nether_bricks":10,"minecraft:gold_ingot":85,"minecraft:mutton":4,"minecraft:glow_berries":7,"minecraft:white_wool":1,"minecraft:jungle_boat":5,"minecraft:basalt":4,"minecraft:glow_ink_sac":11,"minecraft:leather":1,"minecraft:birch_planks":5,"minecraft:oak_log":194,"minecraft:golden_boots":1,"minecraft:warped_stem":20,"minecraft:oak_fence_gate":1,"minecraft:iron_ingot":38,"minecraft:stone_pickaxe":2,"minecraft:soul_sand":30,"minecraft:flowering_azalea":2,"minecraft:smooth_basalt":1,"minecraft:black_candle":1,"minecraft:pumpkin":1,"minecraft:quartz":22,"minecraft:dandelion":2,"minecraft:gravel":58,"minecraft:dragon_egg":1,"minecraft:spider_eye":2,"minecraft:honey_block":3,"minecraft:diamond_axe":1,"minecraft:warped_roots":7,"minecraft:warped_nylium":13,"minecraft:coal":96,"minecraft:ender_pearl":13},"minecraft:used":{"minecraft:iron_shovel":261,"duckling:cooked_duck":2,"minecraft:oak_sign":1,"minecraft:shield":1,"minecraft:chest":6,"minecraft:iron_sword":251,"minecraft:iron_chestplate":1,"minecraft:soul_sand":30,"minecraft:jungle_planks":24,"minecraft:nether_bricks":10,"minecraft:carrot":4,"minecraft:obsidian":9,"minecraft:honey_bottle":2,"minecraft:glass":121,"minecraft:honey_block":6,"minecraft:lantern":6,"minecraft:warped_nylium":10,"minecraft:honeycomb_block":16,"minecraft:sweet_berries":8,"minecraft:furnace":4,"minecraft:gold_block":1,"minecraft:egg":4,"minecraft:stone_pickaxe":199,"minecraft:oak_planks":608,"minecraft:blackstone":43,"minecraft:ender_pearl":1,"minecraft:wooden_pickaxe":25,"minecraft:jungle_boat":4,"minecraft:oak_leaves":24,"minecraft:white_wool":1,"minecraft:golden_apple":3,"minecraft:sand":98,"minecraft:shears":38,"minecraft:bread":10,"minecraft:melon_slice":25,"minecraft:iron_door":3,"minecraft:gravel":56,"minecraft:diamond_sword":74,"minecraft:oak_fence":36,"minecraft:flint_and_steel":3,"minecraft:cooked_salmon":2,"minecraft:netherrack":41,"minecraft:dragon_egg":1,"minecraft:torch":36,"minecraft:dirt":284,"minecraft:warped_wart_block":15,"minecraft:oak_fence_gate":2,"minecraft:birch_door":5,"minecraft:iron_axe":267,"minecraft:smooth_basalt":1,"minecraft:diamond_chestplate":2,"minecraft:basalt":4,"minecraft:cooked_beef":12,"minecraft:cobbled_deepslate":21,"minecraft:pumpkin":1,"minecraft:birch_planks":41,"minecraft:polished_blackstone_bricks":11,"minecraft:crafting_table":4,"minecraft:red_bed":2,"minecraft:warped_planks":80,"minecraft:oak_log":15,"minecraft:ender_eye":17,"minecraft:apple":24,"minecraft:cracked_polished_blackstone_bricks":4,"minecraft:iron_pickaxe":343,"minecraft:cobblestone":145,"minecraft:cooked_porkchop":3,"minecraft:black_candle":1,"minecraft:splash_potion":1,"minecraft:birch_stairs":16},"minecraft:killed":{"minecraft:spider":1,"minecraft:magma_cube":23,"minecraft:piglin":1,"minecraft:creeper":1,"minecraft:zombie":2,"minecraft:glow_squid":1,"minecraft:blaze":2,"duckling:duck":1,"minecraft:player":1,"minecraft:enderman":24},"minecraft:crafted":{"minecraft:oak_planks":716,"minecraft:oak_sign":3,"minecraft:blaze_powder":2,"minecraft:warped_planks":80,"minecraft:glass":128,"minecraft:chest":4,"minecraft:birch_door":3,"minecraft:ender_eye":13,"minecraft:oak_fence":48,"minecraft:cooked_porkchop":3,"minecraft:crafting_table":1,"minecraft:wooden_pickaxe":1,"minecraft:iron_helmet":1,"minecraft:gold_block":9,"minecraft:birch_planks":112,"minecraft:iron_chestplate":1,"minecraft:stick":56,"minecraft:iron_ingot":9,"minecraft:iron_pickaxe":3,"minecraft:gold_ingot":14,"minecraft:birch_stairs":16,"minecraft:shears":1,"minecraft:furnace":2,"minecraft:iron_axe":1,"minecraft:stone_pickaxe":2,"minecraft:cooked_beef":13,"minecraft:iron_sword":1,"duckling:cooked_duck":2,"minecraft:cooked_salmon":2,"minecraft:bucket":2,"minecraft:air":0,"minecraft:jungle_planks":32,"minecraft:oak_fence_gate":1,"minecraft:iron_shovel":1,"minecraft:iron_leggings":1,"minecraft:torch":36}},"DataVersion":3465}