{"stats":{"minecraft:killed_by":{"minecraft:player":2,"minecraft:zombie":1},"minecraft:custom":{"minecraft:interact_with_furnace":4,"minecraft:mob_kills":3,"minecraft:interact_with_crafting_table":11,"minecraft:time_since_death":247,"minecraft:climb_one_cm":980,"minecraft:time_since_rest":273,"minecraft:sprint_one_cm":90867,"minecraft:damage_taken":1077,"minecraft:walk_one_cm":115031,"minecraft:damage_blocked_by_shield":30,"minecraft:drop":3,"minecraft:damage_dealt":1225,"minecraft:swim_one_cm":15788,"minecraft:fly_one_cm":118435,"minecraft:player_kills":3,"minecraft:open_chest":1,"minecraft:crouch_one_cm":20570,"minecraft:play_time":46025,"minecraft:deaths":4,"minecraft:sneak_time":5484,"minecraft:walk_under_water_one_cm":5250,"minecraft:jump":1073,"minecraft:walk_on_water_one_cm":24038,"minecraft:total_world_time":46025,"minecraft:fall_one_cm":22581},"minecraft:mined":{"minecraft:deepslate_redstone_ore":4,"minecraft:acacia_leaves":1,"minecraft:flowering_azalea":1,"minecraft:blackstone":6,"minecraft:jungle_leaves":3,"minecraft:clay":11,"minecraft:crafting_table":2,"minecraft:torch":1,"minecraft:glow_lichen":3,"minecraft:cave_vines_plant":1,"minecraft:grass_block":1,"minecraft:melon":3,"minecraft:poppy":1,"minecraft:jungle_planks":1,"minecraft:jungle_log":4,"minecraft:sculk_sensor":1,"minecraft:deepslate_coal_ore":2,"minecraft:deepslate_gold_ore":4,"minecraft:wall_torch":1,"minecraft:magma_block":1,"minecraft:cobbled_deepslate":2,"minecraft:iron_ore":19,"minecraft:fire":21,"minecraft:grass":123,"minecraft:coal_ore":36,"minecraft:cave_vines":3,"minecraft:vine":3,"minecraft:deepslate_iron_ore":3,"minecraft:gravel":4,"minecraft:dirt":10,"minecraft:smooth_basalt":1,"minecraft:stone":144,"minecraft:netherrack":36,"minecraft:gold_ore":8,"minecraft:oak_leaves":2,"minecraft:deepslate":18,"minecraft:fern":31},"minecraft:broken":{"minecraft:stone_pickaxe":1},"minecraft:dropped":{"minecraft:torch":1,"minecraft:flowering_azalea":2},"minecraft:picked_up":{"minecraft:crafting_table":2,"minecraft:feather":1,"minecraft:clay_ball":44,"minecraft:jungle_log":4,"minecraft:shield":1,"minecraft:dirt":10,"minecraft:bone":2,"minecraft:blackstone":5,"minecraft:wheat_seeds":11,"minecraft:cobbled_deepslate":21,"minecraft:raw_gold":9,"minecraft:iron_ingot":1,"minecraft:poppy":1,"minecraft:melon_slice":16,"minecraft:flowering_azalea":2,"duckling:raw_duck":1,"minecraft:furnace":1,"minecraft:raw_iron":28,"minecraft:smooth_basalt":1,"minecraft:torch":2,"minecraft:gravel":2,"minecraft:jungle_planks":9,"minecraft:redstone":16,"minecraft:rotten_flesh":4,"minecraft:netherrack":24,"minecraft:glow_berries":7,"minecraft:coal":53,"minecraft:cobblestone":144},"minecraft:used":{"minecraft:stone_pickaxe":189,"minecraft:wooden_pickaxe":25,"minecraft:shield":1,"minecraft:netherrack":24,"minecraft:torch":19,"minecraft:dirt":7,"minecraft:crafting_table":2,"minecraft:jungle_planks":8,"minecraft:iron_pickaxe":140,"minecraft:melon_slice":16,"minecraft:smooth_basalt":1,"minecraft:cobblestone":129,"minecraft:furnace":1,"minecraft:cobbled_deepslate":21},"minecraft:killed":{"duckling:duck":1,"minecraft:zombie":2,"minecraft:player":1},"minecraft:crafted":{"minecraft:crafting_table":1,"minecraft:wooden_pickaxe":1,"minecraft:furnace":1,"minecraft:air":0,"minecraft:jungle_planks":16,"minecraft:stick":16,"minecraft:iron_ingot":3,"minecraft:iron_pickaxe":1,"minecraft:stone_pickaxe":2,"minecraft:torch":20}},"DataVersion":3465}