{"stats":{"minecraft:killed_by":{"minecraft:player":3,"minecraft:zombie":1},"minecraft:custom":{"minecraft:mob_kills":4,"minecraft:interact_with_crafting_table":29,"minecraft:open_barrel":4,"minecraft:eat_cake_slice":4,"minecraft:leave_game":1,"minecraft:time_since_death":34792,"minecraft:climb_one_cm":5521,"minecraft:sprint_one_cm":266762,"minecraft:walk_one_cm":303134,"minecraft:damage_blocked_by_shield":30,"minecraft:drop":33,"minecraft:talked_to_villager":2,"minecraft:play_time":111984,"minecraft:deaths":8,"minecraft:sneak_time":10839,"minecraft:walk_under_water_one_cm":14555,"minecraft:jump":2536,"minecraft:interact_with_blast_furnace":1,"minecraft:walk_on_water_one_cm":38478,"minecraft:total_world_time":111984,"minecraft:interact_with_furnace":10,"minecraft:time_since_rest":34817,"minecraft:damage_taken":2261,"minecraft:damage_dealt":1369,"minecraft:swim_one_cm":28691,"minecraft:fly_one_cm":407414,"minecraft:player_kills":3,"minecraft:open_chest":23,"minecraft:crouch_one_cm":43933,"minecraft:fall_one_cm":81169},"minecraft:broken":{"minecraft:stone_pickaxe":1,"minecraft:iron_pickaxe":1},"minecraft:mined":{"minecraft:tuff":1,"minecraft:dark_oak_leaves":1,"minecraft:deepslate_diamond_ore":1,"minecraft:jungle_leaves":3,"minecraft:glow_lichen":3,"minecraft:cave_vines_plant":1,"minecraft:grass_block":46,"minecraft:decorated_pot":1,"minecraft:jungle_planks":2,"minecraft:jungle_log":8,"minecraft:moss_block":2,"minecraft:large_fern":2,"minecraft:spore_blossom":1,"minecraft:magma_block":1,"minecraft:furnace":1,"minecraft:fire":24,"minecraft:iron_ore":46,"minecraft:cobbled_deepslate":2,"minecraft:pumpkin":1,"minecraft:deepslate_lapis_ore":1,"minecraft:cave_vines":4,"minecraft:deepslate_iron_ore":14,"minecraft:vine":4,"minecraft:lantern":6,"minecraft:white_tulip":1,"minecraft:stone":181,"minecraft:deepslate_redstone_ore":4,"minecraft:acacia_leaves":1,"minecraft:flowering_azalea":1,"minecraft:red_bed":2,"minecraft:blackstone":7,"minecraft:dandelion":2,"minecraft:crafting_table":3,"minecraft:clay":13,"minecraft:torch":1,"minecraft:honey_block":6,"minecraft:poppy":2,"minecraft:melon":9,"minecraft:chest":2,"minecraft:sculk_sensor":1,"minecraft:tall_grass":82,"minecraft:honeycomb_block":6,"minecraft:deepslate_coal_ore":2,"minecraft:deepslate_gold_ore":4,"minecraft:lapis_ore":4,"minecraft:green_stained_glass_pane":2,"minecraft:oak_planks":9,"minecraft:wall_torch":1,"minecraft:birch_log":27,"minecraft:birch_leaves":1,"minecraft:birch_door":2,"minecraft:grass":350,"minecraft:coal_ore":36,"minecraft:oak_log":171,"minecraft:cocoa":1,"minecraft:gravel":4,"minecraft:dirt":22,"minecraft:smooth_basalt":1,"minecraft:netherrack":36,"minecraft:gold_ore":8,"minecraft:oak_leaves":3,"minecraft:deepslate":19,"minecraft:fern":54},"minecraft:dropped":{"minecraft:iron_ingot":13,"minecraft:bread":11,"minecraft:moss_block":1,"minecraft:wheat_seeds":11,"minecraft:glass_bottle":1,"minecraft:feather":1,"minecraft:glow_berries":7,"minecraft:golden_apple":3,"minecraft:dirt":9,"minecraft:red_bed":1,"minecraft:torch":1,"minecraft:flowering_azalea":2,"minecraft:string":1,"minecraft:dandelion":1,"minecraft:gold_ingot":7,"minecraft:bone":2,"minecraft:redstone":16,"minecraft:gravel":2,"minecraft:blackstone":5,"friendsandfoes:exposed_lightning_rod":1,"minecraft:cocoa_beans":3,"minecraft:obsidian":4,"minecraft:rotten_flesh":4,"minecraft:clay_ball":52,"minecraft:oak_planks":64,"minecraft:poppy":1,"minecraft:honey_block":1,"minecraft:stone_pickaxe":1,"minecraft:beef":30},"minecraft:picked_up":{"minecraft:birch_door":2,"minecraft:cocoa_beans":3,"minecraft:crafting_table":3,"minecraft:clay_ball":156,"minecraft:lead":4,"minecraft:wooden_pickaxe":1,"minecraft:shield":1,"minecraft:string":1,"minecraft:red_bed":4,"minecraft:flint_and_steel":1,"minecraft:blackstone":6,"minecraft:gold_nugget":22,"minecraft:cobbled_deepslate":21,"minecraft:beef":45,"minecraft:white_tulip":1,"minecraft:poppy":2,"minecraft:melon_slice":51,"minecraft:chest":2,"minecraft:egg":1,"duckling:raw_duck":3,"minecraft:furnace":2,"minecraft:stick":2,"minecraft:raw_iron":99,"minecraft:torch":2,"minecraft:porkchop":3,"minecraft:carrot":4,"minecraft:redstone":48,"minecraft:rotten_flesh":4,"minecraft:gold_ingot":14,"minecraft:obsidian":8,"minecraft:mutton":4,"minecraft:glow_berries":7,"minecraft:cobblestone":200,"minecraft:birch_log":26,"minecraft:feather":1,"minecraft:glow_ink_sac":9,"minecraft:jungle_log":8,"minecraft:potato":4,"minecraft:oak_log":165,"minecraft:lapis_lazuli":72,"minecraft:dirt":66,"minecraft:lantern":6,"minecraft:bone":6,"minecraft:wheat_seeds":35,"minecraft:raw_gold":18,"minecraft:stone_pickaxe":2,"minecraft:iron_ingot":38,"minecraft:moss_block":1,"minecraft:oak_planks":73,"minecraft:flowering_azalea":2,"minecraft:smooth_basalt":1,"minecraft:black_candle":1,"minecraft:pumpkin":1,"minecraft:dandelion":1,"minecraft:gravel":2,"friendsandfoes:exposed_lightning_rod":1,"minecraft:jungle_planks":11,"minecraft:diamond":2,"minecraft:honey_block":3,"minecraft:golden_apple":6,"minecraft:emerald":2,"minecraft:bread":22,"minecraft:oak_sapling":2,"minecraft:netherrack":24,"minecraft:coal":79},"minecraft:used":{"minecraft:iron_shovel":55,"minecraft:chest":4,"minecraft:shield":1,"minecraft:cooked_salmon":2,"minecraft:netherrack":24,"minecraft:torch":20,"minecraft:dirt":7,"minecraft:jungle_planks":23,"minecraft:honey_bottle":2,"minecraft:birch_door":4,"minecraft:honey_block":2,"minecraft:lantern":2,"minecraft:iron_axe":228,"minecraft:smooth_basalt":1,"minecraft:furnace":2,"minecraft:egg":1,"minecraft:cobbled_deepslate":21,"minecraft:pumpkin":1,"minecraft:birch_planks":28,"minecraft:stone_pickaxe":199,"minecraft:oak_planks":434,"minecraft:wooden_pickaxe":25,"minecraft:crafting_table":4,"minecraft:red_bed":2,"minecraft:oak_log":8,"minecraft:apple":8,"minecraft:melon_slice":25,"minecraft:iron_pickaxe":255,"minecraft:cobblestone":144,"minecraft:black_candle":1,"minecraft:birch_stairs":16},"minecraft:killed":{"duckling:duck":1,"minecraft:zombie":2,"minecraft:glow_squid":1,"minecraft:player":1},"minecraft:crafted":{"minecraft:oak_planks":560,"minecraft:furnace":1,"minecraft:iron_axe":1,"minecraft:stone_pickaxe":2,"minecraft:chest":2,"minecraft:birch_door":3,"minecraft:crafting_table":1,"minecraft:wooden_pickaxe":1,"minecraft:cooked_salmon":2,"minecraft:birch_planks":104,"minecraft:air":0,"minecraft:jungle_planks":32,"minecraft:stick":16,"minecraft:iron_ingot":9,"minecraft:iron_pickaxe":1,"minecraft:iron_shovel":1,"minecraft:torch":20,"minecraft:birch_stairs":16}},"DataVersion":3465}