{"stats":{"minecraft:killed_by":{"minecraft:player":3,"minecraft:zombie":1},"minecraft:custom":{"minecraft:interact_with_furnace":5,"minecraft:mob_kills":3,"minecraft:interact_with_crafting_table":11,"minecraft:time_since_death":5701,"minecraft:climb_one_cm":1565,"minecraft:time_since_rest":5725,"minecraft:sprint_one_cm":145036,"minecraft:damage_taken":1400,"minecraft:walk_one_cm":163671,"minecraft:damage_blocked_by_shield":30,"minecraft:drop":6,"minecraft:damage_dealt":1311,"minecraft:swim_one_cm":19040,"minecraft:fly_one_cm":219717,"minecraft:player_kills":3,"minecraft:open_chest":1,"minecraft:crouch_one_cm":20888,"minecraft:play_time":64025,"minecraft:deaths":6,"minecraft:sneak_time":5570,"minecraft:walk_under_water_one_cm":5918,"minecraft:jump":1574,"minecraft:walk_on_water_one_cm":26194,"minecraft:total_world_time":64025,"minecraft:fall_one_cm":39056},"minecraft:mined":{"minecraft:deepslate_redstone_ore":4,"minecraft:acacia_leaves":1,"minecraft:flowering_azalea":1,"minecraft:blackstone":6,"minecraft:dark_oak_leaves":1,"minecraft:jungle_leaves":3,"minecraft:dandelion":1,"minecraft:clay":11,"minecraft:crafting_table":2,"minecraft:torch":1,"minecraft:glow_lichen":3,"minecraft:cave_vines_plant":1,"minecraft:decorated_pot":1,"minecraft:grass_block":1,"minecraft:melon":9,"minecraft:poppy":1,"minecraft:jungle_planks":2,"minecraft:jungle_log":8,"minecraft:sculk_sensor":1,"minecraft:tall_grass":26,"minecraft:deepslate_coal_ore":2,"minecraft:deepslate_gold_ore":4,"minecraft:moss_block":1,"minecraft:wall_torch":1,"minecraft:large_fern":2,"minecraft:magma_block":1,"minecraft:cobbled_deepslate":2,"minecraft:iron_ore":19,"minecraft:fire":21,"minecraft:pumpkin":1,"minecraft:grass":248,"minecraft:oak_log":1,"minecraft:cocoa":1,"minecraft:coal_ore":36,"minecraft:cave_vines":3,"minecraft:vine":4,"minecraft:deepslate_iron_ore":6,"minecraft:gravel":4,"minecraft:dirt":10,"minecraft:smooth_basalt":1,"minecraft:stone":144,"minecraft:netherrack":36,"minecraft:gold_ore":8,"minecraft:oak_leaves":2,"minecraft:deepslate":18,"minecraft:fern":54},"minecraft:broken":{"minecraft:stone_pickaxe":1},"minecraft:dropped":{"friendsandfoes:exposed_lightning_rod":1,"minecraft:wheat_seeds":2,"minecraft:torch":1,"minecraft:flowering_azalea":2},"minecraft:picked_up":{"minecraft:cocoa_beans":3,"minecraft:crafting_table":2,"minecraft:feather":1,"minecraft:clay_ball":44,"minecraft:jungle_log":8,"minecraft:lead":2,"minecraft:shield":1,"minecraft:dirt":10,"minecraft:bone":2,"minecraft:blackstone":5,"minecraft:wheat_seeds":27,"minecraft:cobbled_deepslate":21,"minecraft:raw_gold":9,"minecraft:iron_ingot":1,"minecraft:poppy":1,"minecraft:moss_block":1,"minecraft:melon_slice":51,"minecraft:flowering_azalea":2,"duckling:raw_duck":1,"minecraft:furnace":1,"minecraft:raw_iron":31,"minecraft:smooth_basalt":1,"minecraft:pumpkin":1,"minecraft:torch":2,"minecraft:dandelion":1,"friendsandfoes:exposed_lightning_rod":1,"minecraft:gravel":2,"minecraft:jungle_planks":10,"minecraft:redstone":16,"minecraft:rotten_flesh":4,"minecraft:netherrack":24,"minecraft:glow_berries":7,"minecraft:coal":53,"minecraft:cobblestone":146},"minecraft:used":{"minecraft:stone_pickaxe":189,"minecraft:wooden_pickaxe":25,"minecraft:shield":1,"minecraft:cooked_salmon":2,"minecraft:netherrack":24,"minecraft:torch":19,"minecraft:dirt":7,"minecraft:crafting_table":2,"minecraft:jungle_planks":23,"minecraft:iron_pickaxe":148,"minecraft:melon_slice":16,"minecraft:smooth_basalt":1,"minecraft:cobblestone":129,"minecraft:furnace":1,"minecraft:cobbled_deepslate":21},"minecraft:killed":{"duckling:duck":1,"minecraft:zombie":2,"minecraft:player":1},"minecraft:crafted":{"minecraft:crafting_table":1,"minecraft:wooden_pickaxe":1,"minecraft:furnace":1,"minecraft:cooked_salmon":2,"minecraft:air":0,"minecraft:jungle_planks":32,"minecraft:stick":16,"minecraft:iron_ingot":3,"minecraft:iron_pickaxe":1,"minecraft:stone_pickaxe":2,"minecraft:torch":20}},"DataVersion":3465}