{"stats":{"minecraft:killed_by":{"minecraft:player":1,"minecraft:zombie":1},"minecraft:custom":{"minecraft:interact_with_furnace":4,"minecraft:mob_kills":3,"minecraft:interact_with_crafting_table":11,"minecraft:time_since_death":7379,"minecraft:climb_one_cm":849,"minecraft:time_since_rest":7412,"minecraft:sprint_one_cm":79266,"minecraft:damage_taken":759,"minecraft:walk_one_cm":97428,"minecraft:damage_blocked_by_shield":30,"minecraft:drop":3,"minecraft:damage_dealt":1086,"minecraft:swim_one_cm":15788,"minecraft:fly_one_cm":99058,"minecraft:player_kills":2,"minecraft:open_chest":1,"minecraft:crouch_one_cm":17450,"minecraft:play_time":34025,"minecraft:deaths":2,"minecraft:sneak_time":4493,"minecraft:walk_under_water_one_cm":4287,"minecraft:jump":752,"minecraft:walk_on_water_one_cm":19483,"minecraft:total_world_time":34025,"minecraft:fall_one_cm":16376},"minecraft:mined":{"minecraft:acacia_leaves":1,"minecraft:flowering_azalea":1,"minecraft:blackstone":6,"minecraft:jungle_leaves":3,"minecraft:crafting_table":2,"minecraft:glow_lichen":3,"minecraft:cave_vines_plant":1,"minecraft:melon":3,"minecraft:poppy":1,"minecraft:jungle_planks":1,"minecraft:jungle_log":4,"minecraft:deepslate_coal_ore":2,"minecraft:deepslate_gold_ore":4,"minecraft:wall_torch":1,"minecraft:magma_block":1,"minecraft:iron_ore":10,"minecraft:fire":21,"minecraft:grass":122,"minecraft:coal_ore":25,"minecraft:vine":3,"minecraft:deepslate_iron_ore":3,"minecraft:gravel":2,"minecraft:dirt":2,"minecraft:smooth_basalt":1,"minecraft:stone":25,"minecraft:netherrack":36,"minecraft:gold_ore":8,"minecraft:fern":31},"minecraft:broken":{"minecraft:stone_pickaxe":1},"minecraft:dropped":{"minecraft:torch":1,"minecraft:flowering_azalea":2},"minecraft:picked_up":{"minecraft:crafting_table":2,"minecraft:feather":1,"minecraft:jungle_log":4,"minecraft:shield":1,"minecraft:dirt":1,"minecraft:bone":2,"minecraft:blackstone":5,"minecraft:wheat_seeds":11,"minecraft:raw_gold":9,"minecraft:iron_ingot":1,"minecraft:poppy":1,"minecraft:melon_slice":16,"minecraft:flowering_azalea":2,"duckling:raw_duck":1,"minecraft:furnace":1,"minecraft:raw_iron":19,"minecraft:smooth_basalt":1,"minecraft:torch":1,"minecraft:jungle_planks":9,"minecraft:rotten_flesh":4,"minecraft:netherrack":24,"minecraft:glow_berries":5,"minecraft:coal":43,"minecraft:cobblestone":25},"minecraft:used":{"minecraft:stone_pickaxe":119,"minecraft:wooden_pickaxe":25,"minecraft:shield":1,"minecraft:netherrack":24,"minecraft:torch":17,"minecraft:dirt":1,"minecraft:crafting_table":2,"minecraft:jungle_planks":8,"minecraft:iron_pickaxe":21,"minecraft:melon_slice":16,"minecraft:smooth_basalt":1,"minecraft:cobblestone":10,"minecraft:furnace":1},"minecraft:killed":{"duckling:duck":1,"minecraft:zombie":2,"minecraft:player":1},"minecraft:crafted":{"minecraft:crafting_table":1,"minecraft:wooden_pickaxe":1,"minecraft:furnace":1,"minecraft:air":0,"minecraft:jungle_planks":16,"minecraft:stick":16,"minecraft:iron_ingot":3,"minecraft:iron_pickaxe":1,"minecraft:stone_pickaxe":2,"minecraft:torch":20}},"DataVersion":3465}