{"stats":{"minecraft:killed_by":{"minecraft:player":6,"minecraft:zombie":1},"minecraft:custom":{"minecraft:mob_kills":8,"minecraft:interact_with_crafting_table":46,"minecraft:open_barrel":4,"minecraft:eat_cake_slice":4,"minecraft:leave_game":1,"minecraft:time_since_death":1283,"minecraft:climb_one_cm":5521,"minecraft:sprint_one_cm":400438,"minecraft:walk_one_cm":502701,"minecraft:damage_blocked_by_shield":30,"minecraft:drop":47,"minecraft:talked_to_villager":2,"minecraft:play_time":159984,"minecraft:deaths":15,"minecraft:sneak_time":14396,"minecraft:walk_under_water_one_cm":15367,"minecraft:jump":3453,"minecraft:interact_with_blast_furnace":1,"minecraft:walk_on_water_one_cm":42595,"minecraft:total_world_time":159984,"minecraft:interact_with_furnace":73,"minecraft:time_since_rest":1309,"minecraft:damage_taken":4293,"minecraft:damage_absorbed":40,"minecraft:damage_dealt":2572,"minecraft:swim_one_cm":36850,"minecraft:fly_one_cm":596748,"minecraft:player_kills":5,"minecraft:open_chest":71,"minecraft:crouch_one_cm":59872,"minecraft:fall_one_cm":116871,"minecraft:horse_one_cm":540},"minecraft:broken":{"minecraft:stone_pickaxe":1,"minecraft:iron_pickaxe":1},"minecraft:mined":{"minecraft:tuff":1,"minecraft:dark_oak_leaves":1,"minecraft:deepslate_diamond_ore":1,"minecraft:jungle_leaves":3,"minecraft:nether_bricks":8,"minecraft:glow_lichen":3,"minecraft:cave_vines_plant":1,"minecraft:grass_block":120,"minecraft:decorated_pot":1,"minecraft:jungle_planks":2,"minecraft:jungle_log":8,"minecraft:moss_block":2,"minecraft:large_fern":2,"minecraft:spore_blossom":1,"minecraft:magma_block":1,"minecraft:furnace":1,"minecraft:fire":28,"minecraft:iron_ore":46,"minecraft:cobbled_deepslate":2,"minecraft:pumpkin":1,"minecraft:deepslate_lapis_ore":1,"minecraft:gold_block":1,"minecraft:cave_vines":4,"minecraft:deepslate_iron_ore":14,"minecraft:vine":4,"minecraft:lantern":6,"minecraft:white_tulip":1,"minecraft:stone":183,"minecraft:deepslate_redstone_ore":4,"minecraft:acacia_leaves":1,"minecraft:flowering_azalea":1,"minecraft:red_bed":2,"minecraft:blackstone":7,"minecraft:dandelion":2,"minecraft:oak_fence":1,"minecraft:crafting_table":3,"minecraft:clay":13,"minecraft:torch":2,"minecraft:honey_block":6,"minecraft:poppy":2,"minecraft:melon":9,"minecraft:chest":2,"minecraft:sculk_sensor":1,"minecraft:cobblestone":2,"minecraft:glass":3,"minecraft:tall_grass":93,"minecraft:honeycomb_block":6,"minecraft:deepslate_coal_ore":2,"minecraft:deepslate_gold_ore":4,"minecraft:lapis_ore":6,"minecraft:green_stained_glass_pane":2,"minecraft:oak_planks":16,"minecraft:wall_torch":2,"minecraft:birch_log":29,"minecraft:birch_leaves":8,"minecraft:birch_door":3,"minecraft:grass":386,"minecraft:coal_ore":36,"minecraft:oak_log":202,"minecraft:cocoa":1,"minecraft:oak_fence_gate":1,"minecraft:gravel":4,"minecraft:dirt":49,"minecraft:smooth_basalt":1,"minecraft:netherrack":52,"minecraft:gold_ore":8,"minecraft:oak_leaves":41,"minecraft:deepslate":19,"minecraft:fern":54},"minecraft:dropped":{"minecraft:iron_ingot":13,"minecraft:bread":11,"minecraft:moss_block":1,"minecraft:wheat_seeds":21,"minecraft:diamond_axe":1,"minecraft:glow_ink_sac":2,"minecraft:glass_bottle":1,"minecraft:cobblestone":16,"minecraft:feather":1,"minecraft:glow_berries":7,"minecraft:leather":1,"minecraft:golden_apple":3,"minecraft:dirt":10,"minecraft:red_bed":1,"minecraft:torch":1,"minecraft:flowering_azalea":2,"minecraft:iron_axe":1,"minecraft:string":1,"minecraft:bucket":2,"minecraft:dandelion":1,"minecraft:gold_ingot":7,"minecraft:bone":2,"minecraft:redstone":16,"minecraft:gravel":2,"minecraft:blackstone":5,"friendsandfoes:exposed_lightning_rod":1,"minecraft:cocoa_beans":3,"minecraft:birch_sapling":1,"minecraft:obsidian":4,"minecraft:rotten_flesh":4,"minecraft:clay_ball":52,"minecraft:oak_planks":64,"sophisticatedbackpacks:backpack":1,"minecraft:poppy":1,"minecraft:honey_block":1,"minecraft:birch_door":1,"minecraft:spider_eye":1,"minecraft:stone_pickaxe":1,"minecraft:beef":30},"minecraft:picked_up":{"minecraft:birch_door":3,"minecraft:cocoa_beans":3,"minecraft:crafting_table":3,"minecraft:clay_ball":156,"minecraft:lead":4,"minecraft:wooden_pickaxe":1,"minecraft:gold_block":1,"minecraft:shield":1,"minecraft:string":3,"minecraft:red_bed":4,"minecraft:flint_and_steel":1,"minecraft:blackstone":6,"minecraft:gold_nugget":22,"minecraft:cobbled_deepslate":21,"minecraft:beef":45,"minecraft:white_tulip":1,"minecraft:ender_eye":4,"minecraft:poppy":2,"minecraft:melon_slice":51,"minecraft:chest":2,"minecraft:birch_sapling":1,"minecraft:egg":2,"duckling:raw_duck":3,"minecraft:furnace":2,"minecraft:stick":2,"minecraft:raw_iron":99,"minecraft:oak_fence":3,"minecraft:torch":3,"sophisticatedbackpacks:backpack":2,"minecraft:porkchop":3,"minecraft:carrot":4,"minecraft:redstone":48,"minecraft:rotten_flesh":4,"minecraft:nether_bricks":10,"minecraft:gold_ingot":14,"minecraft:blaze_rod":1,"minecraft:obsidian":8,"minecraft:mutton":4,"minecraft:glow_berries":7,"minecraft:white_wool":1,"minecraft:cobblestone":204,"minecraft:birch_log":28,"minecraft:feather":1,"minecraft:glow_ink_sac":11,"minecraft:jungle_log":8,"minecraft:leather":1,"minecraft:potato":4,"minecraft:oak_log":193,"minecraft:golden_boots":1,"minecraft:lapis_lazuli":88,"minecraft:dirt":192,"minecraft:lantern":6,"minecraft:bone":6,"minecraft:wheat_seeds":51,"minecraft:raw_gold":18,"minecraft:oak_fence_gate":1,"minecraft:stone_pickaxe":2,"minecraft:iron_ingot":38,"minecraft:moss_block":1,"minecraft:oak_planks":80,"minecraft:flowering_azalea":2,"minecraft:smooth_basalt":1,"minecraft:black_candle":1,"minecraft:pumpkin":1,"minecraft:dandelion":1,"minecraft:gravel":2,"minecraft:sand":255,"friendsandfoes:exposed_lightning_rod":1,"minecraft:jungle_planks":11,"minecraft:spider_eye":2,"minecraft:diamond":2,"minecraft:honey_block":3,"minecraft:diamond_axe":1,"minecraft:grass":2,"minecraft:golden_apple":6,"minecraft:emerald":2,"minecraft:bread":22,"minecraft:oak_sapling":2,"minecraft:netherrack":41,"minecraft:oak_leaves":24,"minecraft:coal":96},"minecraft:used":{"minecraft:oak_fence":36,"minecraft:flint_and_steel":1,"minecraft:iron_shovel":160,"duckling:cooked_duck":2,"minecraft:oak_sign":1,"minecraft:chest":6,"minecraft:shield":1,"minecraft:iron_sword":16,"minecraft:cooked_salmon":2,"minecraft:netherrack":41,"minecraft:torch":35,"minecraft:dirt":180,"minecraft:nether_bricks":10,"minecraft:jungle_planks":24,"minecraft:obsidian":7,"minecraft:oak_fence_gate":2,"minecraft:honey_bottle":2,"minecraft:birch_door":5,"minecraft:glass":121,"minecraft:honey_block":2,"minecraft:lantern":6,"minecraft:iron_axe":267,"minecraft:smooth_basalt":1,"minecraft:furnace":4,"minecraft:gold_block":1,"minecraft:egg":2,"minecraft:cooked_beef":1,"minecraft:cobbled_deepslate":21,"minecraft:pumpkin":1,"minecraft:birch_planks":36,"minecraft:stone_pickaxe":199,"minecraft:oak_planks":604,"minecraft:wooden_pickaxe":25,"minecraft:oak_leaves":24,"minecraft:white_wool":1,"minecraft:golden_apple":1,"minecraft:crafting_table":4,"minecraft:red_bed":2,"minecraft:shears":38,"minecraft:oak_log":15,"minecraft:ender_eye":4,"minecraft:apple":8,"minecraft:bread":6,"minecraft:melon_slice":25,"minecraft:iron_pickaxe":291,"minecraft:cobblestone":145,"minecraft:cooked_porkchop":2,"minecraft:black_candle":1,"minecraft:birch_stairs":16},"minecraft:killed":{"minecraft:spider":1,"duckling:duck":1,"minecraft:creeper":1,"minecraft:zombie":2,"minecraft:glow_squid":1,"minecraft:player":1,"minecraft:blaze":2},"minecraft:crafted":{"minecraft:oak_planks":712,"minecraft:oak_sign":3,"minecraft:blaze_powder":2,"minecraft:furnace":2,"minecraft:glass":128,"minecraft:iron_axe":1,"minecraft:stone_pickaxe":2,"minecraft:chest":4,"minecraft:birch_door":3,"minecraft:ender_eye":1,"minecraft:oak_fence":48,"minecraft:cooked_beef":12,"minecraft:cooked_porkchop":3,"minecraft:crafting_table":1,"minecraft:wooden_pickaxe":1,"minecraft:iron_helmet":1,"minecraft:iron_sword":1,"duckling:cooked_duck":2,"minecraft:cooked_salmon":2,"minecraft:bucket":2,"minecraft:gold_block":1,"minecraft:birch_planks":112,"minecraft:air":0,"minecraft:jungle_planks":32,"minecraft:oak_fence_gate":1,"minecraft:iron_chestplate":1,"minecraft:stick":56,"minecraft:iron_ingot":9,"minecraft:iron_pickaxe":3,"minecraft:gold_ingot":2,"minecraft:iron_shovel":1,"minecraft:iron_leggings":1,"minecraft:torch":36,"minecraft:birch_stairs":16,"minecraft:shears":1}},"DataVersion":3465}