{"stats":{"minecraft:killed_by":{"minecraft:player":3,"minecraft:zombie":1},"minecraft:custom":{"minecraft:interact_with_furnace":6,"minecraft:mob_kills":4,"minecraft:interact_with_crafting_table":11,"minecraft:open_barrel":4,"minecraft:eat_cake_slice":4,"minecraft:leave_game":1,"minecraft:time_since_death":10792,"minecraft:climb_one_cm":5521,"minecraft:time_since_rest":10817,"minecraft:sprint_one_cm":226000,"minecraft:damage_taken":2221,"minecraft:walk_one_cm":223709,"minecraft:damage_blocked_by_shield":30,"minecraft:drop":19,"minecraft:damage_dealt":1369,"minecraft:talked_to_villager":2,"minecraft:swim_one_cm":28691,"minecraft:player_kills":3,"minecraft:fly_one_cm":339636,"minecraft:open_chest":11,"minecraft:crouch_one_cm":25750,"minecraft:play_time":87984,"minecraft:sneak_time":7468,"minecraft:deaths":8,"minecraft:walk_under_water_one_cm":14555,"minecraft:jump":2219,"minecraft:interact_with_blast_furnace":1,"minecraft:walk_on_water_one_cm":38478,"minecraft:total_world_time":87984,"minecraft:fall_one_cm":64929},"minecraft:mined":{"minecraft:deepslate_redstone_ore":4,"minecraft:tuff":1,"minecraft:flowering_azalea":1,"minecraft:acacia_leaves":1,"minecraft:red_bed":1,"minecraft:blackstone":7,"minecraft:dark_oak_leaves":1,"minecraft:deepslate_diamond_ore":1,"minecraft:jungle_leaves":3,"minecraft:dandelion":2,"minecraft:clay":13,"minecraft:glow_lichen":3,"minecraft:crafting_table":2,"minecraft:torch":1,"minecraft:cave_vines_plant":1,"minecraft:honey_block":6,"minecraft:grass_block":3,"minecraft:decorated_pot":1,"minecraft:poppy":1,"minecraft:melon":9,"minecraft:jungle_planks":2,"minecraft:jungle_log":8,"minecraft:sculk_sensor":1,"minecraft:tall_grass":61,"minecraft:honeycomb_block":6,"minecraft:deepslate_coal_ore":2,"minecraft:lapis_ore":4,"minecraft:deepslate_gold_ore":4,"minecraft:green_stained_glass_pane":2,"minecraft:moss_block":2,"minecraft:wall_torch":1,"minecraft:large_fern":2,"minecraft:spore_blossom":1,"minecraft:magma_block":1,"minecraft:iron_ore":46,"minecraft:cobbled_deepslate":2,"minecraft:fire":24,"minecraft:pumpkin":1,"minecraft:deepslate_lapis_ore":1,"minecraft:grass":309,"minecraft:oak_log":1,"minecraft:coal_ore":36,"minecraft:cave_vines":4,"minecraft:cocoa":1,"minecraft:deepslate_iron_ore":14,"minecraft:vine":4,"minecraft:lantern":6,"minecraft:gravel":4,"minecraft:dirt":14,"minecraft:smooth_basalt":1,"minecraft:stone":181,"minecraft:netherrack":36,"minecraft:gold_ore":8,"minecraft:oak_leaves":2,"minecraft:deepslate":19,"minecraft:fern":54},"minecraft:broken":{"minecraft:stone_pickaxe":1,"minecraft:iron_pickaxe":1},"minecraft:picked_up":{"minecraft:cocoa_beans":3,"minecraft:crafting_table":2,"minecraft:feather":1,"minecraft:clay_ball":52,"minecraft:glow_ink_sac":9,"minecraft:jungle_log":8,"minecraft:lead":2,"minecraft:lantern":6,"minecraft:shield":1,"minecraft:red_bed":1,"minecraft:lapis_lazuli":36,"minecraft:dirt":16,"minecraft:string":1,"minecraft:bone":2,"minecraft:blackstone":6,"minecraft:wheat_seeds":29,"minecraft:cobbled_deepslate":21,"minecraft:raw_gold":9,"minecraft:iron_ingot":1,"minecraft:poppy":1,"minecraft:melon_slice":51,"minecraft:moss_block":1,"minecraft:flowering_azalea":2,"duckling:raw_duck":1,"minecraft:furnace":1,"minecraft:black_candle":1,"minecraft:raw_iron":66,"minecraft:smooth_basalt":1,"minecraft:pumpkin":1,"minecraft:torch":2,"minecraft:dandelion":1,"minecraft:gravel":2,"friendsandfoes:exposed_lightning_rod":1,"minecraft:jungle_planks":10,"minecraft:redstone":16,"minecraft:rotten_flesh":4,"minecraft:diamond":1,"minecraft:honey_block":3,"minecraft:glow_berries":7,"minecraft:netherrack":24,"minecraft:coal":53,"minecraft:cobblestone":179},"minecraft:dropped":{"minecraft:gravel":2,"minecraft:moss_block":1,"minecraft:blackstone":5,"friendsandfoes:exposed_lightning_rod":1,"minecraft:wheat_seeds":2,"minecraft:cocoa_beans":3,"minecraft:glass_bottle":1,"minecraft:feather":1,"minecraft:glow_berries":7,"minecraft:rotten_flesh":4,"minecraft:poppy":1,"minecraft:dirt":9,"minecraft:torch":1,"minecraft:honey_block":1,"minecraft:flowering_azalea":2,"minecraft:string":1,"minecraft:dandelion":1},"minecraft:used":{"minecraft:stone_pickaxe":199,"minecraft:wooden_pickaxe":25,"minecraft:shield":1,"minecraft:cooked_salmon":2,"minecraft:netherrack":24,"minecraft:torch":20,"minecraft:dirt":7,"minecraft:crafting_table":2,"minecraft:jungle_planks":23,"minecraft:honey_bottle":2,"minecraft:honey_block":2,"minecraft:apple":2,"minecraft:melon_slice":25,"minecraft:iron_pickaxe":253,"minecraft:smooth_basalt":1,"minecraft:cobblestone":144,"minecraft:furnace":1,"minecraft:black_candle":1,"minecraft:cobbled_deepslate":21,"minecraft:pumpkin":1},"minecraft:killed":{"duckling:duck":1,"minecraft:zombie":2,"minecraft:glow_squid":1,"minecraft:player":1},"minecraft:crafted":{"minecraft:crafting_table":1,"minecraft:wooden_pickaxe":1,"minecraft:furnace":1,"minecraft:cooked_salmon":2,"minecraft:air":0,"minecraft:jungle_planks":32,"minecraft:stick":16,"minecraft:iron_ingot":3,"minecraft:iron_pickaxe":1,"minecraft:stone_pickaxe":2,"minecraft:torch":20}},"DataVersion":3465}