{"stats":{"minecraft:custom":{"minecraft:time_since_rest":10025,"minecraft:sprint_one_cm":31631,"minecraft:damage_taken":31,"minecraft:walk_one_cm":14359,"minecraft:mob_kills":1,"minecraft:damage_dealt":66,"minecraft:interact_with_crafting_table":2,"minecraft:swim_one_cm":15788,"minecraft:fly_one_cm":54316,"minecraft:player_kills":1,"minecraft:crouch_one_cm":255,"minecraft:play_time":10025,"minecraft:sneak_time":324,"minecraft:walk_under_water_one_cm":3550,"minecraft:jump":251,"minecraft:walk_on_water_one_cm":13260,"minecraft:time_since_death":10025,"minecraft:climb_one_cm":288,"minecraft:total_world_time":10025,"minecraft:fall_one_cm":6506},"minecraft:mined":{"minecraft:acacia_leaves":1,"minecraft:jungle_leaves":1,"minecraft:grass":2,"minecraft:coal_ore":4,"minecraft:melon":3,"minecraft:vine":1,"minecraft:jungle_log":4,"minecraft:stone":3,"minecraft:wall_torch":1,"minecraft:fern":2},"minecraft:picked_up":{"minecraft:feather":1,"minecraft:jungle_log":4,"minecraft:torch":1,"minecraft:melon_slice":16,"duckling:raw_duck":1,"minecraft:coal":4,"minecraft:cobblestone":3},"minecraft:used":{"minecraft:melon_slice":4,"minecraft:stone_pickaxe":4,"minecraft:wooden_pickaxe":3,"minecraft:torch":1,"minecraft:crafting_table":1,"minecraft:jungle_planks":2},"minecraft:killed":{"duckling:duck":1},"minecraft:crafted":{"minecraft:crafting_table":1,"minecraft:stick":8,"minecraft:wooden_pickaxe":1,"minecraft:stone_pickaxe":1,"minecraft:torch":4,"minecraft:jungle_planks":16}},"DataVersion":3465}