{"stats":{"minecraft:killed_by":{"minecraft:player":1},"minecraft:custom":{"minecraft:time_since_rest":6727,"minecraft:sprint_one_cm":59706,"minecraft:damage_taken":374,"minecraft:walk_one_cm":62892,"minecraft:mob_kills":3,"minecraft:drop":1,"minecraft:damage_dealt":571,"minecraft:interact_with_crafting_table":2,"minecraft:swim_one_cm":15788,"minecraft:fly_one_cm":77492,"minecraft:player_kills":2,"minecraft:open_chest":1,"minecraft:crouch_one_cm":6807,"minecraft:deaths":1,"minecraft:play_time":22025,"minecraft:sneak_time":1899,"minecraft:walk_under_water_one_cm":4175,"minecraft:jump":515,"minecraft:walk_on_water_one_cm":14525,"minecraft:time_since_death":6702,"minecraft:climb_one_cm":849,"minecraft:total_world_time":22025,"minecraft:fall_one_cm":11983},"minecraft:mined":{"minecraft:magma_block":1,"minecraft:acacia_leaves":1,"minecraft:flowering_azalea":1,"minecraft:blackstone":2,"minecraft:fire":20,"minecraft:jungle_leaves":3,"minecraft:glow_lichen":2,"minecraft:grass":120,"minecraft:coal_ore":22,"minecraft:poppy":1,"minecraft:jungle_planks":1,"minecraft:melon":3,"minecraft:vine":3,"minecraft:jungle_log":4,"minecraft:gravel":2,"minecraft:dirt":2,"minecraft:deepslate_coal_ore":2,"minecraft:stone":13,"minecraft:netherrack":36,"minecraft:wall_torch":1,"minecraft:fern":31},"minecraft:dropped":{"minecraft:flowering_azalea":1},"minecraft:picked_up":{"minecraft:feather":1,"minecraft:jungle_log":4,"minecraft:torch":1,"minecraft:jungle_planks":3,"minecraft:shield":1,"minecraft:dirt":1,"minecraft:bone":2,"minecraft:rotten_flesh":2,"minecraft:blackstone":1,"minecraft:wheat_seeds":11,"minecraft:poppy":1,"minecraft:glow_berries":4,"minecraft:melon_slice":16,"minecraft:netherrack":24,"minecraft:flowering_azalea":1,"duckling:raw_duck":1,"minecraft:coal":23,"minecraft:cobblestone":13},"minecraft:used":{"minecraft:melon_slice":9,"minecraft:stone_pickaxe":92,"minecraft:wooden_pickaxe":11,"minecraft:dirt":1,"minecraft:netherrack":24,"minecraft:torch":7,"minecraft:cobblestone":10,"minecraft:crafting_table":1,"minecraft:jungle_planks":8},"minecraft:killed":{"minecraft:zombie":2,"duckling:duck":1,"minecraft:player":1},"minecraft:crafted":{"minecraft:crafting_table":1,"minecraft:stick":8,"minecraft:wooden_pickaxe":1,"minecraft:stone_pickaxe":1,"minecraft:torch":16,"minecraft:jungle_planks":16}},"DataVersion":3465}